instance,dsatur,first_fit,rlf,smallest_last,welsh_powell
car-f-92,0.0213,0.0023,0.0958,0.0061,0.0023
car-s-91,0.0354,0.003,0.1397,0.0097,0.0033
ear-f-83,0.0038,0.0005,0.0151,0.0013,0.0006
hec-s-92,0.0008,0.0002,0.0039,0.0004,0.0002
kfu-s-93,0.0061,0.0007,0.0204,0.0022,0.0008
lse-f-91,0.0032,0.0006,0.0104,0.0014,0.0005
pur-s-93,0.1233,0.0074,0.3423,0.0225,0.0081
rye-s-93,0.007,0.0009,0.0235,0.0024,0.001
sta-f-83,0.0008,0.0001,0.0027,0.0004,0.0002
tre-s-92,0.0046,0.0006,0.015,0.0015,0.0006
uta-s-92,0.0288,0.0028,0.1218,0.0075,0.0029
ute-s-92,0.0013,0.0002,0.0028,0.0005,0.0002
yor-f-83,0.0037,0.0005,0.0137,0.0013,0.0005
