instance,method,median_ms,p95_ms
car-s-91,TBRPLUS,0.22713999999999998,6.4958374999999995
car-f-92,TBRPLUS,0.19976,0.8867479999999993
ear-f-83,TBRPLUS,0.11279,21.784553999999897
hec-s-92,TBRPLUS,0.114135,17.881182499999998
kfu-s-93,TBRPLUS,0.07057,0.2810369999999999
lse-f-91,TBRPLUS,0.08181000000000001,0.21447649999999988
pur-s-93,TBRPLUS,0.180035,0.7699375
rye-s-93,TBRPLUS,0.15222,0.310555
sta-f-83,TBRPLUS,0.07752500000000001,22.7552485
tre-s-92,TBRPLUS,0.12130500000000001,0.3730775
uta-s-92,TBRPLUS,0.19394,0.6031219999999999
ute-s-92,TBRPLUS,0.070355,0.23562899999999995
yor-f-83,TBRPLUS,0.11154,17.884816999999998
car-s-91,RECOMPUTE,39.690490000000004,64.63144249999999
car-f-92,RECOMPUTE,25.084169999999997,49.338443500000004
ear-f-83,RECOMPUTE,4.80767,5.825375999999996
hec-s-92,RECOMPUTE,1.03451,1.267572
kfu-s-93,RECOMPUTE,6.161245,8.229866
lse-f-91,RECOMPUTE,4.57621,5.544007
pur-s-93,RECOMPUTE,144.116985,188.0301165
rye-s-93,RECOMPUTE,10.07373,13.634281999999999
sta-f-83,RECOMPUTE,1.3489,1.4868405
tre-s-92,RECOMPUTE,6.352915000000001,7.641904999999996
uta-s-92,RECOMPUTE,30.806575000000002,41.33113449999997
ute-s-92,RECOMPUTE,1.4693800000000001,1.8372505000000001
yor-f-83,RECOMPUTE,4.573665,5.280205
