instance,method,median_total_moved
car-s-91,TBRPLUS,9.5
car-f-92,TBRPLUS,6.0
ear-f-83,TBRPLUS,11.0
hec-s-92,TBRPLUS,3.5
kfu-s-93,TBRPLUS,6.5
lse-f-91,TBRPLUS,12.5
pur-s-93,TBRPLUS,11.0
rye-s-93,TBRPLUS,4.5
sta-f-83,TBRPLUS,1.0
tre-s-92,TBRPLUS,9.5
uta-s-92,TBRPLUS,7.5
ute-s-92,TBRPLUS,3.0
yor-f-83,TBRPLUS,16.5
car-s-91,SINGLE,7.5
car-f-92,SINGLE,5.0
ear-f-83,SINGLE,8.5
hec-s-92,SINGLE,2.0
kfu-s-93,SINGLE,6.5
lse-f-91,SINGLE,10.0
pur-s-93,SINGLE,11.0
rye-s-93,SINGLE,4.5
sta-f-83,SINGLE,1.0
tre-s-92,SINGLE,8.0
uta-s-92,SINGLE,7.0
ute-s-92,SINGLE,3.0
yor-f-83,SINGLE,11.0
car-s-91,ONE_BLOCKER,8.0
car-f-92,ONE_BLOCKER,5.0
ear-f-83,ONE_BLOCKER,9.5
hec-s-92,ONE_BLOCKER,2.5
kfu-s-93,ONE_BLOCKER,6.5
lse-f-91,ONE_BLOCKER,11.0
pur-s-93,ONE_BLOCKER,11.0
rye-s-93,ONE_BLOCKER,4.5
sta-f-83,ONE_BLOCKER,1.0
tre-s-92,ONE_BLOCKER,9.0
uta-s-92,ONE_BLOCKER,7.0
ute-s-92,ONE_BLOCKER,3.0
yor-f-83,ONE_BLOCKER,12.0
car-s-91,RECOMPUTE,1404.5
car-f-92,RECOMPUTE,615.0
ear-f-83,RECOMPUTE,278.0
hec-s-92,RECOMPUTE,18.5
kfu-s-93,RECOMPUTE,85.0
lse-f-91,RECOMPUTE,509.5
pur-s-93,RECOMPUTE,3634.5
rye-s-93,RECOMPUTE,179.0
sta-f-83,RECOMPUTE,16.0
tre-s-92,RECOMPUTE,720.5
uta-s-92,RECOMPUTE,698.5
ute-s-92,RECOMPUTE,31.5
yor-f-83,RECOMPUTE,595.5
