instance,n,m,adj_entries,adj_bytes,enrol_bytes,build_adj_s,matrix_cells,matrix_int32_bytes,csr_int32_bytes,bytes_per_adj_entry
car-f-92,543,20305,40610,1597464,5938304,0.0795,294849,1179396,327056,39.3
car-s-91,682,29814,59628,2347200,6444040,0.0805,465124,1860496,479756,39.4
ear-f-83,190,4793,9586,388128,818696,0.0087,36100,144400,77452,40.5
hec-s-92,81,1363,2726,106768,1236464,0.0138,6561,26244,22136,39.2
kfu-s-93,461,5893,11786,482040,3151200,0.037,212521,850084,96136,40.9
lse-f-91,381,4531,9062,368240,925848,0.0129,145161,580644,74024,40.6
pur-s-93,2419,86261,172522,6849680,13493552,0.1716,5851561,23406244,1389856,39.7
rye-s-93,486,8872,17744,714712,5032856,0.0615,236196,944784,143900,40.3
sta-f-83,139,1381,2762,126504,451296,0.0057,19321,77284,22656,45.8
tre-s-92,261,6131,12262,478392,1613064,0.0183,68121,272484,99144,39.0
uta-s-92,622,24249,48498,1939712,6552768,0.0949,386884,1547536,390476,40.0
ute-s-92,184,1430,2860,121256,1398264,0.0133,33856,135424,23620,42.4
yor-f-83,181,4706,9412,365424,603136,0.0082,32761,131044,76024,38.8
