instance,seed,condition,dsatur_colours,k0,P0
car-f-92,0,tight,30,30,9.7728
car-f-92,0,official,30,32,9.7728
car-f-92,1,tight,28,28,10.1065
car-f-92,1,official,28,32,10.1065
car-f-92,2,tight,29,29,10.2054
car-f-92,2,official,29,32,10.2054
car-f-92,3,tight,29,29,10.2653
car-f-92,3,official,29,32,10.2653
car-f-92,4,tight,29,29,9.4299
car-f-92,4,official,29,32,9.4299
car-f-92,5,tight,29,29,9.8709
car-f-92,5,official,29,32,9.8709
car-f-92,6,tight,29,29,10.3565
car-f-92,6,official,29,32,10.3565
car-f-92,7,tight,29,29,10.159
car-f-92,7,official,29,32,10.159
car-f-92,8,tight,30,30,10.3956
car-f-92,8,official,30,32,10.3956
car-f-92,9,tight,29,29,10.144
car-f-92,9,official,29,32,10.144
car-s-91,0,tight,30,30,12.9134
car-s-91,0,official,30,35,12.9134
car-s-91,1,tight,31,31,12.0691
car-s-91,1,official,31,35,12.0691
car-s-91,2,tight,30,30,12.1168
car-s-91,2,official,30,35,12.1168
car-s-91,3,tight,31,31,12.8329
car-s-91,3,official,31,35,12.8329
car-s-91,4,tight,31,31,12.2828
car-s-91,4,official,31,35,12.2828
car-s-91,5,tight,30,30,11.5254
car-s-91,5,official,30,35,11.5254
car-s-91,6,tight,31,31,11.715
car-s-91,6,official,31,35,11.715
car-s-91,7,tight,31,31,12.5393
car-s-91,7,official,31,35,12.5393
car-s-91,8,tight,30,30,12.4744
car-s-91,8,official,30,35,12.4744
car-s-91,9,tight,30,30,12.3959
car-s-91,9,official,30,35,12.3959
ear-f-83,0,tight,22,22,65.4071
ear-f-83,0,official,22,24,65.4071
ear-f-83,1,tight,22,22,69.4124
ear-f-83,1,official,22,24,69.4124
ear-f-83,2,tight,23,23,62.6933
ear-f-83,2,official,23,24,62.6933
ear-f-83,3,tight,23,23,66.1084
ear-f-83,3,official,23,24,66.1084
ear-f-83,4,tight,22,22,68.5031
ear-f-83,4,official,22,24,68.5031
ear-f-83,5,tight,23,23,64.3182
ear-f-83,5,official,23,24,64.3182
ear-f-83,6,tight,23,23,66.2213
ear-f-83,6,official,23,24,66.2213
ear-f-83,7,tight,23,23,67.3502
ear-f-83,7,official,23,24,67.3502
ear-f-83,8,tight,23,23,67.2364
ear-f-83,8,official,23,24,67.2364
ear-f-83,9,tight,24,24,66.8489
ear-f-83,9,official,24,24,66.8489
hec-s-92,0,tight,19,19,22.8838
hec-s-92,0,official,19,19,22.8838
hec-s-92,1,tight,18,18,24.7446
hec-s-92,1,official,18,18,24.7446
hec-s-92,2,tight,18,18,24.3358
hec-s-92,2,official,18,18,24.3358
hec-s-92,3,tight,18,18,27.509
hec-s-92,3,official,18,18,27.509
hec-s-92,4,tight,19,19,21.7807
hec-s-92,4,official,19,19,21.7807
hec-s-92,5,tight,19,19,23.8406
hec-s-92,5,official,19,19,23.8406
hec-s-92,6,tight,19,19,27.005
hec-s-92,6,official,19,19,27.005
hec-s-92,7,tight,20,20,29.1194
hec-s-92,7,official,20,20,29.1194
hec-s-92,8,tight,19,19,23.221
hec-s-92,8,official,19,19,23.221
hec-s-92,9,tight,19,19,23.3691
hec-s-92,9,official,19,19,23.3691
kfu-s-93,0,tight,19,19,46.0181
kfu-s-93,0,official,19,20,46.0181
kfu-s-93,1,tight,19,19,46.1812
kfu-s-93,1,official,19,20,46.1812
kfu-s-93,2,tight,19,19,46.6177
kfu-s-93,2,official,19,20,46.6177
kfu-s-93,3,tight,19,19,46.1967
kfu-s-93,3,official,19,20,46.1967
kfu-s-93,4,tight,19,19,46.2389
kfu-s-93,4,official,19,20,46.2389
kfu-s-93,5,tight,19,19,46.0709
kfu-s-93,5,official,19,20,46.0709
kfu-s-93,6,tight,19,19,46.2571
kfu-s-93,6,official,19,20,46.2571
kfu-s-93,7,tight,19,19,46.2271
kfu-s-93,7,official,19,20,46.2271
kfu-s-93,8,tight,19,19,46.0232
kfu-s-93,8,official,19,20,46.0232
kfu-s-93,9,tight,19,19,46.3818
kfu-s-93,9,official,19,20,46.3818
lse-f-91,0,tight,19,19,26.971
lse-f-91,0,official,19,19,26.971
lse-f-91,1,tight,18,18,27.5161
lse-f-91,1,official,18,18,27.5161
lse-f-91,2,tight,17,17,26.7296
lse-f-91,2,official,17,18,26.7296
lse-f-91,3,tight,18,18,27.3881
lse-f-91,3,official,18,18,27.3881
lse-f-91,4,tight,19,19,28.354
lse-f-91,4,official,19,19,28.354
lse-f-91,5,tight,18,18,27.7392
lse-f-91,5,official,18,18,27.7392
lse-f-91,6,tight,17,17,28.3474
lse-f-91,6,official,17,18,28.3474
lse-f-91,7,tight,18,18,28.1643
lse-f-91,7,official,18,18,28.1643
lse-f-91,8,tight,16,16,28.6038
lse-f-91,8,official,16,18,28.6038
lse-f-91,9,tight,18,18,28.004
lse-f-91,9,official,18,18,28.004
pur-s-93,0,tight,34,34,16.923
pur-s-93,0,official,34,42,16.923
pur-s-93,1,tight,34,34,16.9715
pur-s-93,1,official,34,42,16.9715
pur-s-93,2,tight,35,35,16.4738
pur-s-93,2,official,35,42,16.4738
pur-s-93,3,tight,34,34,16.8485
pur-s-93,3,official,34,42,16.8485
pur-s-93,4,tight,34,34,16.7571
pur-s-93,4,official,34,42,16.7571
pur-s-93,5,tight,34,34,17.0096
pur-s-93,5,official,34,42,17.0096
pur-s-93,6,tight,34,34,16.8288
pur-s-93,6,official,34,42,16.8288
pur-s-93,7,tight,34,34,16.7328
pur-s-93,7,official,34,42,16.7328
pur-s-93,8,tight,34,34,17.1208
pur-s-93,8,official,34,42,17.1208
pur-s-93,9,tight,34,34,16.565
pur-s-93,9,official,34,42,16.565
rye-s-93,0,tight,22,22,31.6996
rye-s-93,0,official,22,23,31.6996
rye-s-93,1,tight,22,22,32.1611
rye-s-93,1,official,22,23,32.1611
rye-s-93,2,tight,22,22,31.9271
rye-s-93,2,official,22,23,31.9271
rye-s-93,3,tight,22,22,32.5568
rye-s-93,3,official,22,23,32.5568
rye-s-93,4,tight,22,22,32.2541
rye-s-93,4,official,22,23,32.2541
rye-s-93,5,tight,22,22,32.2447
rye-s-93,5,official,22,23,32.2447
rye-s-93,6,tight,22,22,32.3349
rye-s-93,6,official,22,23,32.3349
rye-s-93,7,tight,22,22,31.5963
rye-s-93,7,official,22,23,31.5963
rye-s-93,8,tight,22,22,34.0646
rye-s-93,8,official,22,23,34.0646
rye-s-93,9,tight,22,22,31.5412
rye-s-93,9,official,22,23,31.5412
sta-f-83,0,tight,13,13,180.6072
sta-f-83,0,official,13,13,180.6072
sta-f-83,1,tight,13,13,181.2275
sta-f-83,1,official,13,13,181.2275
sta-f-83,2,tight,13,13,180.5548
sta-f-83,2,official,13,13,180.5548
sta-f-83,3,tight,13,13,182.0884
sta-f-83,3,official,13,13,182.0884
sta-f-83,4,tight,13,13,180.7676
sta-f-83,4,official,13,13,180.7676
sta-f-83,5,tight,13,13,185.3682
sta-f-83,5,official,13,13,185.3682
sta-f-83,6,tight,12,12,188.5041
sta-f-83,6,official,12,13,188.5041
sta-f-83,7,tight,13,13,181.7038
sta-f-83,7,official,13,13,181.7038
sta-f-83,8,tight,13,13,183.928
sta-f-83,8,official,13,13,183.928
sta-f-83,9,tight,13,13,179.7365
sta-f-83,9,official,13,13,179.7365
tre-s-92,0,tight,23,23,15.783
tre-s-92,0,official,23,23,15.783
tre-s-92,1,tight,23,23,16.1124
tre-s-92,1,official,23,23,16.1124
tre-s-92,2,tight,21,21,15.0541
tre-s-92,2,official,21,23,15.0541
tre-s-92,3,tight,23,23,15.0195
tre-s-92,3,official,23,23,15.0195
tre-s-92,4,tight,22,22,15.9275
tre-s-92,4,official,22,23,15.9275
tre-s-92,5,tight,21,21,16.1482
tre-s-92,5,official,21,23,16.1482
tre-s-92,6,tight,23,23,16.308
tre-s-92,6,official,23,23,16.308
tre-s-92,7,tight,21,21,15.8032
tre-s-92,7,official,21,23,15.8032
tre-s-92,8,tight,23,23,15.7908
tre-s-92,8,official,23,23,15.7908
tre-s-92,9,tight,21,21,15.7562
tre-s-92,9,official,21,23,15.7562
uta-s-92,0,tight,31,31,7.6904
uta-s-92,0,official,31,35,7.6904
uta-s-92,1,tight,31,31,7.6393
uta-s-92,1,official,31,35,7.6393
uta-s-92,2,tight,31,31,7.557
uta-s-92,2,official,31,35,7.557
uta-s-92,3,tight,31,31,7.9027
uta-s-92,3,official,31,35,7.9027
uta-s-92,4,tight,31,31,7.7856
uta-s-92,4,official,31,35,7.7856
uta-s-92,5,tight,31,31,7.6188
uta-s-92,5,official,31,35,7.6188
uta-s-92,6,tight,31,31,7.9812
uta-s-92,6,official,31,35,7.9812
uta-s-92,7,tight,31,31,7.9518
uta-s-92,7,official,31,35,7.9518
uta-s-92,8,tight,31,31,7.8705
uta-s-92,8,official,31,35,7.8705
uta-s-92,9,tight,31,31,7.9649
uta-s-92,9,official,31,35,7.9649
ute-s-92,0,tight,10,10,58.0386
ute-s-92,0,official,10,10,58.0386
ute-s-92,1,tight,10,10,56.3754
ute-s-92,1,official,10,10,56.3754
ute-s-92,2,tight,10,10,58.5824
ute-s-92,2,official,10,10,58.5824
ute-s-92,3,tight,10,10,54.622
ute-s-92,3,official,10,10,54.622
ute-s-92,4,tight,10,10,57.2776
ute-s-92,4,official,10,10,57.2776
ute-s-92,5,tight,11,11,55.1091
ute-s-92,5,official,11,11,55.1091
ute-s-92,6,tight,10,10,59.3961
ute-s-92,6,official,10,10,59.3961
ute-s-92,7,tight,10,10,57.3703
ute-s-92,7,official,10,10,57.3703
ute-s-92,8,tight,10,10,57.1364
ute-s-92,8,official,10,10,57.1364
ute-s-92,9,tight,11,11,55.6144
ute-s-92,9,official,11,11,55.6144
yor-f-83,0,tight,20,20,59.3369
yor-f-83,0,official,20,21,59.3369
yor-f-83,1,tight,21,21,58.1116
yor-f-83,1,official,21,21,58.1116
yor-f-83,2,tight,19,19,59.3741
yor-f-83,2,official,19,21,59.3741
yor-f-83,3,tight,20,20,61.9352
yor-f-83,3,official,20,21,61.9352
yor-f-83,4,tight,20,20,61.2125
yor-f-83,4,official,20,21,61.2125
yor-f-83,5,tight,20,20,58.5154
yor-f-83,5,official,20,21,58.5154
yor-f-83,6,tight,21,21,60.8533
yor-f-83,6,official,21,21,60.8533
yor-f-83,7,tight,20,20,65.4166
yor-f-83,7,official,20,21,65.4166
yor-f-83,8,tight,21,21,59.2519
yor-f-83,8,official,21,21,59.2519
yor-f-83,9,tight,21,21,58.152
yor-f-83,9,official,21,21,58.152
