instance,seed,t,tier,tbr_dk,tbr_D,oracle_status,d_star,oracle_bound,oracle_time_s,solved,lex_optimal,k
hec-s-92,0,118,single,0,1,OPTIMAL,1,1.0,0.16,1,1,19
hec-s-92,0,149,single,0,1,OPTIMAL,1,1.0,0.158,1,1,19
hec-s-92,0,189,single,0,1,OPTIMAL,1,1.0,0.14,1,1,19
hec-s-92,1,22,double,0,2,OPTIMAL,2,2.0,0.136,1,1,18
hec-s-92,1,59,single,0,1,OPTIMAL,1,1.0,0.129,1,1,18
hec-s-92,1,94,new_period,1,1,OPTIMAL,5,5.0,0.333,1,0,18
hec-s-92,2,166,single,0,1,OPTIMAL,1,1.0,0.129,1,1,18
hec-s-92,3,74,double,0,2,OPTIMAL,2,2.0,0.135,1,1,18
hec-s-92,3,115,double,0,2,OPTIMAL,2,2.0,0.109,1,1,18
hec-s-92,3,175,new_period,1,1,OPTIMAL,3,3.0,0.134,1,0,18
hec-s-92,4,52,single,0,1,OPTIMAL,1,1.0,0.146,1,1,19
hec-s-92,4,76,single,0,1,OPTIMAL,1,1.0,0.13,1,1,19
hec-s-92,4,85,double,0,2,OPTIMAL,2,2.0,0.15,1,1,19
hec-s-92,5,44,single,0,1,OPTIMAL,1,1.0,0.108,1,1,19
hec-s-92,5,96,single,0,1,OPTIMAL,1,1.0,0.13,1,1,19
hec-s-92,5,107,double,0,2,OPTIMAL,2,2.0,0.109,1,1,19
hec-s-92,5,155,double,0,2,OPTIMAL,2,2.0,0.134,1,1,19
hec-s-92,5,161,single,0,1,OPTIMAL,1,1.0,0.128,1,1,19
hec-s-92,6,141,single,0,1,OPTIMAL,1,1.0,0.133,1,1,19
hec-s-92,7,135,single,0,1,OPTIMAL,1,1.0,0.159,1,1,20
hec-s-92,7,197,single,0,1,OPTIMAL,1,1.0,0.166,1,1,20
hec-s-92,9,6,single,0,1,OPTIMAL,1,1.0,0.118,1,1,19
hec-s-92,9,17,double,0,2,OPTIMAL,2,2.0,0.142,1,1,19
hec-s-92,9,42,single,0,1,OPTIMAL,1,1.0,0.112,1,1,19
hec-s-92,9,50,single,0,1,OPTIMAL,1,1.0,0.116,1,1,19
hec-s-92,9,118,single,0,1,OPTIMAL,1,1.0,0.129,1,1,19
hec-s-92,9,144,single,0,1,OPTIMAL,1,1.0,0.115,1,1,19
hec-s-92,9,184,double,0,2,OPTIMAL,2,2.0,0.138,1,1,19
sta-f-83,0,20,single,0,1,OPTIMAL,1,1.0,0.137,1,1,13
sta-f-83,0,157,single,0,1,OPTIMAL,1,1.0,0.095,1,1,13
sta-f-83,2,61,single,0,1,OPTIMAL,1,1.0,0.089,1,1,13
sta-f-83,3,84,single,0,1,OPTIMAL,1,1.0,0.126,1,1,13
sta-f-83,3,139,single,0,1,OPTIMAL,1,1.0,0.138,1,1,13
sta-f-83,5,87,single,0,1,OPTIMAL,1,1.0,0.107,1,1,13
sta-f-83,5,126,single,0,1,OPTIMAL,1,1.0,0.09,1,1,13
sta-f-83,6,8,new_period,1,1,UNKNOWN,,,20.002,0,,12
sta-f-83,7,119,single,0,1,OPTIMAL,1,1.0,0.116,1,1,13
sta-f-83,9,57,single,0,1,OPTIMAL,1,1.0,0.11,1,1,13
yor-f-83,0,43,single,0,1,OPTIMAL,1,1.0,0.43,1,1,20
yor-f-83,0,80,single,0,1,OPTIMAL,1,1.0,0.425,1,1,20
yor-f-83,0,81,double,0,2,OPTIMAL,2,2.0,0.449,1,1,20
yor-f-83,0,108,single,0,1,OPTIMAL,1,1.0,0.482,1,1,20
yor-f-83,0,113,single,0,1,OPTIMAL,1,1.0,0.451,1,1,20
yor-f-83,1,41,single,0,1,OPTIMAL,1,1.0,0.55,1,1,21
yor-f-83,1,44,double,0,2,OPTIMAL,2,2.0,0.56,1,1,21
yor-f-83,1,89,single,0,1,OPTIMAL,1,1.0,0.556,1,1,21
yor-f-83,1,95,single,0,1,OPTIMAL,1,1.0,0.644,1,1,21
yor-f-83,1,148,single,0,1,OPTIMAL,1,1.0,0.481,1,1,21
yor-f-83,1,150,double,0,2,OPTIMAL,2,2.0,0.501,1,1,21
yor-f-83,1,166,single,0,1,OPTIMAL,1,1.0,0.599,1,1,21
yor-f-83,1,198,single,0,1,OPTIMAL,1,1.0,0.518,1,1,21
yor-f-83,2,4,single,0,1,OPTIMAL,1,1.0,0.421,1,1,19
yor-f-83,2,8,new_period,1,1,OPTIMAL,3,3.0,0.64,1,0,19
yor-f-83,2,44,single,0,1,OPTIMAL,1,1.0,0.54,1,1,20
yor-f-83,2,45,new_period,1,1,OPTIMAL,4,4.0,0.596,1,0,20
yor-f-83,2,116,single,0,1,OPTIMAL,1,1.0,0.567,1,1,21
yor-f-83,2,193,single,0,1,OPTIMAL,1,1.0,0.573,1,1,21
yor-f-83,3,0,single,0,1,OPTIMAL,1,1.0,0.441,1,1,20
yor-f-83,3,10,single,0,1,OPTIMAL,1,1.0,0.46,1,1,20
yor-f-83,3,11,single,0,1,OPTIMAL,1,1.0,0.477,1,1,20
yor-f-83,3,51,double,0,2,OPTIMAL,2,2.0,0.49,1,1,20
yor-f-83,3,75,single,0,1,OPTIMAL,1,1.0,0.467,1,1,20
yor-f-83,3,101,single,0,1,OPTIMAL,1,1.0,0.436,1,1,20
yor-f-83,3,197,new_period,1,1,OPTIMAL,5,5.0,0.791,1,0,20
yor-f-83,4,22,single,0,1,OPTIMAL,1,1.0,0.567,1,1,20
yor-f-83,4,34,double,0,2,OPTIMAL,2,2.0,0.557,1,1,20
yor-f-83,4,45,single,0,1,OPTIMAL,1,1.0,0.501,1,1,20
yor-f-83,4,69,new_period,1,1,OPTIMAL,4,4.0,0.554,1,0,20
yor-f-83,4,85,single,0,1,OPTIMAL,1,1.0,0.51,1,1,21
yor-f-83,4,102,single,0,1,OPTIMAL,1,1.0,0.477,1,1,21
yor-f-83,4,122,single,0,1,OPTIMAL,1,1.0,0.55,1,1,21
yor-f-83,4,132,single,0,1,OPTIMAL,1,1.0,0.467,1,1,21
yor-f-83,4,147,single,0,1,OPTIMAL,1,1.0,0.694,1,1,21
yor-f-83,4,149,single,0,1,OPTIMAL,1,1.0,0.592,1,1,21
yor-f-83,4,157,single,0,1,OPTIMAL,1,1.0,0.543,1,1,21
yor-f-83,5,1,single,0,1,OPTIMAL,1,1.0,0.536,1,1,20
yor-f-83,5,11,single,0,1,OPTIMAL,1,1.0,0.654,1,1,20
yor-f-83,5,13,single,0,1,OPTIMAL,1,1.0,0.521,1,1,20
yor-f-83,5,19,single,0,1,OPTIMAL,1,1.0,0.522,1,1,20
yor-f-83,5,21,single,0,1,OPTIMAL,1,1.0,0.57,1,1,20
yor-f-83,5,23,single,0,1,OPTIMAL,1,1.0,0.511,1,1,20
yor-f-83,5,49,single,0,1,OPTIMAL,1,1.0,0.506,1,1,20
yor-f-83,5,52,double,0,2,OPTIMAL,2,2.0,0.497,1,1,20
yor-f-83,5,105,new_period,1,1,OPTIMAL,3,3.0,0.612,1,0,20
yor-f-83,5,120,double,0,2,OPTIMAL,2,2.0,0.554,1,1,21
yor-f-83,5,179,single,0,1,OPTIMAL,1,1.0,0.557,1,1,21
yor-f-83,6,13,single,0,1,OPTIMAL,1,1.0,0.48,1,1,21
yor-f-83,6,36,single,0,1,OPTIMAL,1,1.0,0.583,1,1,21
yor-f-83,6,46,single,0,1,OPTIMAL,1,1.0,0.66,1,1,21
yor-f-83,6,47,single,0,1,OPTIMAL,1,1.0,0.519,1,1,21
yor-f-83,6,52,new_period,1,1,OPTIMAL,3,3.0,0.656,1,0,21
yor-f-83,6,90,single,0,1,OPTIMAL,1,1.0,0.579,1,1,22
yor-f-83,6,97,single,0,1,OPTIMAL,1,1.0,0.564,1,1,22
yor-f-83,6,120,single,0,1,OPTIMAL,1,1.0,0.63,1,1,22
yor-f-83,6,122,single,0,1,OPTIMAL,1,1.0,0.614,1,1,22
yor-f-83,6,123,single,0,1,OPTIMAL,1,1.0,0.571,1,1,22
yor-f-83,6,167,single,0,1,OPTIMAL,1,1.0,0.471,1,1,22
yor-f-83,6,179,single,0,1,OPTIMAL,1,1.0,0.578,1,1,22
yor-f-83,6,192,double,0,2,OPTIMAL,2,2.0,0.665,1,1,22
yor-f-83,7,38,new_period,1,1,OPTIMAL,6,6.0,2.337,1,0,20
yor-f-83,7,56,single,0,1,OPTIMAL,1,1.0,0.564,1,1,21
yor-f-83,7,74,single,0,1,OPTIMAL,1,1.0,0.57,1,1,21
yor-f-83,7,118,single,0,1,OPTIMAL,1,1.0,0.538,1,1,21
yor-f-83,7,148,single,0,1,OPTIMAL,1,1.0,0.572,1,1,21
yor-f-83,7,170,single,0,1,OPTIMAL,1,1.0,0.484,1,1,21
yor-f-83,7,182,single,0,1,OPTIMAL,1,1.0,0.483,1,1,21
yor-f-83,8,7,single,0,1,OPTIMAL,1,1.0,0.552,1,1,21
yor-f-83,8,8,single,0,1,OPTIMAL,1,1.0,0.568,1,1,21
yor-f-83,8,43,single,0,1,OPTIMAL,1,1.0,0.536,1,1,21
yor-f-83,8,47,single,0,1,OPTIMAL,1,1.0,0.466,1,1,21
yor-f-83,8,50,single,0,1,OPTIMAL,1,1.0,0.491,1,1,21
yor-f-83,8,81,single,0,1,OPTIMAL,1,1.0,0.502,1,1,21
yor-f-83,8,106,single,0,1,OPTIMAL,1,1.0,0.617,1,1,21
yor-f-83,8,126,double,0,2,OPTIMAL,2,2.0,0.782,1,1,21
yor-f-83,8,187,double,0,2,OPTIMAL,2,2.0,0.573,1,1,21
yor-f-83,9,25,single,0,1,OPTIMAL,1,1.0,0.564,1,1,21
yor-f-83,9,33,single,0,1,OPTIMAL,1,1.0,0.555,1,1,21
yor-f-83,9,48,single,0,1,OPTIMAL,1,1.0,0.566,1,1,21
yor-f-83,9,66,kempe,0,3,OPTIMAL,3,3.0,0.569,1,1,21
yor-f-83,9,73,single,0,1,OPTIMAL,1,1.0,0.55,1,1,21
yor-f-83,9,88,double,0,2,OPTIMAL,2,2.0,0.568,1,1,21
yor-f-83,9,139,single,0,1,OPTIMAL,1,1.0,0.64,1,1,21
yor-f-83,9,141,single,0,1,OPTIMAL,1,1.0,0.546,1,1,21
yor-f-83,9,151,single,0,1,OPTIMAL,1,1.0,0.486,1,1,21
yor-f-83,9,176,kempe,0,4,OPTIMAL,4,4.0,0.533,1,1,21
ute-s-92,0,61,single,0,1,OPTIMAL,1,1.0,0.086,1,1,10
ute-s-92,0,66,single,0,1,OPTIMAL,1,1.0,0.082,1,1,10
ute-s-92,1,48,single,0,1,OPTIMAL,1,1.0,0.083,1,1,10
ute-s-92,1,86,single,0,1,OPTIMAL,1,1.0,0.087,1,1,10
ute-s-92,1,96,single,0,1,OPTIMAL,1,1.0,0.083,1,1,10
ute-s-92,1,150,double,0,2,OPTIMAL,2,2.0,0.122,1,1,10
ute-s-92,2,99,single,0,1,OPTIMAL,1,1.0,0.088,1,1,10
ute-s-92,2,171,single,0,1,OPTIMAL,1,1.0,0.101,1,1,10
ute-s-92,3,51,single,0,1,OPTIMAL,1,1.0,0.091,1,1,10
ute-s-92,3,54,single,0,1,OPTIMAL,1,1.0,0.077,1,1,10
ute-s-92,3,66,single,0,1,OPTIMAL,1,1.0,0.094,1,1,10
ute-s-92,3,146,single,0,1,OPTIMAL,1,1.0,0.099,1,1,10
ute-s-92,3,151,single,0,1,OPTIMAL,1,1.0,0.099,1,1,10
ute-s-92,4,89,single,0,1,OPTIMAL,1,1.0,0.098,1,1,10
ute-s-92,4,97,single,0,1,OPTIMAL,1,1.0,0.083,1,1,10
ute-s-92,5,99,single,0,1,OPTIMAL,1,1.0,0.104,1,1,11
ute-s-92,6,51,single,0,1,OPTIMAL,1,1.0,0.094,1,1,10
ute-s-92,6,90,single,0,1,OPTIMAL,1,1.0,0.102,1,1,10
ute-s-92,6,97,single,0,1,OPTIMAL,1,1.0,0.104,1,1,10
ute-s-92,6,119,single,0,1,OPTIMAL,1,1.0,0.122,1,1,10
ute-s-92,6,124,single,0,1,OPTIMAL,1,1.0,0.104,1,1,10
ute-s-92,6,156,single,0,1,OPTIMAL,1,1.0,0.096,1,1,10
ute-s-92,6,168,single,0,1,OPTIMAL,1,1.0,0.117,1,1,10
ute-s-92,6,172,single,0,1,OPTIMAL,1,1.0,0.109,1,1,10
ute-s-92,7,43,single,0,1,OPTIMAL,1,1.0,0.106,1,1,10
ute-s-92,7,53,single,0,1,OPTIMAL,1,1.0,0.102,1,1,10
ute-s-92,7,106,single,0,1,OPTIMAL,1,1.0,0.122,1,1,10
ute-s-92,8,7,single,0,1,OPTIMAL,1,1.0,0.097,1,1,10
ute-s-92,8,31,single,0,1,OPTIMAL,1,1.0,0.101,1,1,10
ute-s-92,8,118,double,0,2,OPTIMAL,2,2.0,0.113,1,1,10
ute-s-92,8,125,single,0,1,OPTIMAL,1,1.0,0.104,1,1,10
ute-s-92,9,7,single,0,1,OPTIMAL,1,1.0,0.117,1,1,11
ute-s-92,9,8,single,0,1,OPTIMAL,1,1.0,0.134,1,1,11
ute-s-92,9,132,single,0,1,OPTIMAL,1,1.0,0.115,1,1,11
ute-s-92,9,141,single,0,1,OPTIMAL,1,1.0,0.119,1,1,11
ear-f-83,0,2,double,0,2,OPTIMAL,2,2.0,0.61,1,1,22
ear-f-83,0,10,double,0,2,OPTIMAL,2,2.0,0.627,1,1,22
ear-f-83,0,41,double,0,2,OPTIMAL,2,2.0,0.613,1,1,22
ear-f-83,0,65,single,0,1,OPTIMAL,1,1.0,0.637,1,1,22
ear-f-83,0,66,single,0,1,OPTIMAL,1,1.0,0.643,1,1,22
ear-f-83,0,162,double,0,2,OPTIMAL,2,2.0,2.272,1,1,22
ear-f-83,0,171,single,0,1,OPTIMAL,1,1.0,0.618,1,1,22
ear-f-83,1,3,single,0,1,OPTIMAL,1,1.0,0.593,1,1,22
ear-f-83,1,22,new_period,1,1,OPTIMAL,4,4.0,0.95,1,0,22
ear-f-83,1,38,single,0,1,OPTIMAL,1,1.0,0.563,1,1,23
ear-f-83,1,69,single,0,1,OPTIMAL,1,1.0,0.66,1,1,23
ear-f-83,1,141,new_period,1,1,OPTIMAL,4,4.0,0.726,1,0,23
ear-f-83,1,159,single,0,1,OPTIMAL,1,1.0,0.718,1,1,24
ear-f-83,1,160,single,0,1,OPTIMAL,1,1.0,0.727,1,1,24
ear-f-83,1,176,new_period,1,1,OPTIMAL,3,3.0,0.785,1,0,24
ear-f-83,2,41,double,0,2,OPTIMAL,2,2.0,0.876,1,1,23
ear-f-83,2,85,single,0,1,OPTIMAL,1,1.0,0.625,1,1,23
ear-f-83,2,107,new_period,1,1,OPTIMAL,8,8.0,11.761,1,0,23
ear-f-83,2,118,single,0,1,OPTIMAL,1,1.0,0.67,1,1,24
ear-f-83,2,150,single,0,1,OPTIMAL,1,1.0,0.68,1,1,24
ear-f-83,2,159,double,0,2,OPTIMAL,2,2.0,0.779,1,1,24
ear-f-83,2,182,single,0,1,OPTIMAL,1,1.0,0.699,1,1,24
ear-f-83,3,31,single,0,1,OPTIMAL,1,1.0,0.568,1,1,23
ear-f-83,3,80,double,0,2,OPTIMAL,2,2.0,0.73,1,1,23
ear-f-83,4,16,double,0,2,OPTIMAL,2,2.0,0.745,1,1,22
ear-f-83,4,25,new_period,1,1,OPTIMAL,4,4.0,0.685,1,0,22
ear-f-83,4,26,single,0,1,OPTIMAL,1,1.0,0.628,1,1,23
ear-f-83,4,31,single,0,1,OPTIMAL,1,1.0,0.609,1,1,23
ear-f-83,4,48,new_period,1,1,OPTIMAL,6,6.0,1.052,1,0,23
ear-f-83,4,50,single,0,1,OPTIMAL,1,1.0,0.658,1,1,24
ear-f-83,4,57,single,0,1,OPTIMAL,1,1.0,0.684,1,1,24
ear-f-83,4,80,single,0,1,OPTIMAL,1,1.0,0.613,1,1,24
ear-f-83,4,135,double,0,2,OPTIMAL,2,2.0,0.861,1,1,24
ear-f-83,5,21,single,0,1,OPTIMAL,1,1.0,0.677,1,1,23
ear-f-83,5,23,single,0,1,OPTIMAL,1,1.0,0.632,1,1,23
ear-f-83,5,55,single,0,1,OPTIMAL,1,1.0,0.697,1,1,23
ear-f-83,5,60,single,0,1,OPTIMAL,1,1.0,0.661,1,1,23
ear-f-83,5,130,single,0,1,OPTIMAL,1,1.0,0.585,1,1,23
ear-f-83,6,28,single,0,1,OPTIMAL,1,1.0,0.567,1,1,23
ear-f-83,6,130,single,0,1,OPTIMAL,1,1.0,0.634,1,1,23
ear-f-83,6,149,single,0,1,OPTIMAL,1,1.0,0.769,1,1,23
ear-f-83,6,157,single,0,1,OPTIMAL,1,1.0,0.63,1,1,23
ear-f-83,6,170,new_period,1,1,OPTIMAL,3,3.0,0.747,1,0,23
ear-f-83,7,9,single,0,1,OPTIMAL,1,1.0,0.647,1,1,23
ear-f-83,7,46,single,0,1,OPTIMAL,1,1.0,0.631,1,1,23
ear-f-83,7,92,single,0,1,OPTIMAL,1,1.0,0.755,1,1,23
ear-f-83,7,98,kempe,0,3,OPTIMAL,3,3.0,0.637,1,1,23
ear-f-83,7,104,single,0,1,OPTIMAL,1,1.0,0.614,1,1,23
ear-f-83,7,133,single,0,1,OPTIMAL,1,1.0,0.616,1,1,23
ear-f-83,7,146,new_period,1,1,OPTIMAL,4,4.0,1.394,1,0,23
ear-f-83,7,199,single,0,1,OPTIMAL,1,1.0,0.753,1,1,24
ear-f-83,8,2,single,0,1,OPTIMAL,1,1.0,0.538,1,1,23
ear-f-83,8,23,single,0,1,OPTIMAL,1,1.0,0.675,1,1,23
ear-f-83,8,117,single,0,1,OPTIMAL,1,1.0,0.654,1,1,23
ear-f-83,8,119,single,0,1,OPTIMAL,1,1.0,0.666,1,1,23
ear-f-83,8,122,double,0,2,OPTIMAL,2,2.0,0.695,1,1,23
ear-f-83,8,170,single,0,1,OPTIMAL,1,1.0,0.531,1,1,23
ear-f-83,9,40,single,0,1,OPTIMAL,1,1.0,0.571,1,1,24
ear-f-83,9,51,single,0,1,OPTIMAL,1,1.0,0.732,1,1,24
ear-f-83,9,56,single,0,1,OPTIMAL,1,1.0,0.621,1,1,24
ear-f-83,9,62,single,0,1,OPTIMAL,1,1.0,0.676,1,1,24
ear-f-83,9,67,double,0,2,OPTIMAL,2,2.0,0.694,1,1,24
ear-f-83,9,74,single,0,1,OPTIMAL,1,1.0,0.734,1,1,24
ear-f-83,9,83,single,0,1,OPTIMAL,1,1.0,0.638,1,1,24
ear-f-83,9,109,double,0,2,OPTIMAL,2,2.0,0.623,1,1,24
ear-f-83,9,116,single,0,1,OPTIMAL,1,1.0,0.624,1,1,24
ear-f-83,9,186,double,0,2,OPTIMAL,2,2.0,0.744,1,1,24
tre-s-92,0,21,single,0,1,OPTIMAL,1,1.0,0.929,1,1,23
tre-s-92,0,29,single,0,1,OPTIMAL,1,1.0,0.966,1,1,23
tre-s-92,0,100,single,0,1,OPTIMAL,1,1.0,0.8,1,1,23
tre-s-92,0,102,single,0,1,OPTIMAL,1,1.0,0.844,1,1,23
tre-s-92,0,132,single,0,1,OPTIMAL,1,1.0,0.951,1,1,23
tre-s-92,0,136,single,0,1,OPTIMAL,1,1.0,0.918,1,1,23
tre-s-92,1,15,single,0,1,OPTIMAL,1,1.0,0.798,1,1,23
tre-s-92,1,34,single,0,1,OPTIMAL,1,1.0,1.099,1,1,23
tre-s-92,1,73,single,0,1,OPTIMAL,1,1.0,0.981,1,1,23
tre-s-92,1,92,single,0,1,OPTIMAL,1,1.0,0.915,1,1,23
tre-s-92,1,104,single,0,1,OPTIMAL,1,1.0,0.863,1,1,23
tre-s-92,1,137,single,0,1,OPTIMAL,1,1.0,0.994,1,1,23
tre-s-92,1,139,single,0,1,OPTIMAL,1,1.0,0.95,1,1,23
tre-s-92,1,155,single,0,1,OPTIMAL,1,1.0,0.937,1,1,23
tre-s-92,1,183,single,0,1,OPTIMAL,1,1.0,0.801,1,1,23
tre-s-92,2,7,single,0,1,OPTIMAL,1,1.0,0.834,1,1,21
tre-s-92,2,20,single,0,1,OPTIMAL,1,1.0,0.801,1,1,21
tre-s-92,2,36,single,0,1,OPTIMAL,1,1.0,0.844,1,1,21
tre-s-92,2,66,single,0,1,OPTIMAL,1,1.0,0.822,1,1,21
tre-s-92,2,88,new_period,1,1,OPTIMAL,5,5.0,1.483,1,0,21
tre-s-92,2,90,single,0,1,OPTIMAL,1,1.0,0.771,1,1,22
tre-s-92,2,98,single,0,1,OPTIMAL,1,1.0,0.759,1,1,22
tre-s-92,2,116,single,0,1,OPTIMAL,1,1.0,0.839,1,1,22
tre-s-92,2,131,double,0,2,OPTIMAL,2,2.0,1.012,1,1,22
tre-s-92,2,156,single,0,1,OPTIMAL,1,1.0,0.927,1,1,22
tre-s-92,2,167,single,0,1,OPTIMAL,1,1.0,0.845,1,1,22
tre-s-92,2,182,kempe,0,4,OPTIMAL,3,3.0,1.022,1,0,22
tre-s-92,3,0,single,0,1,OPTIMAL,1,1.0,0.976,1,1,23
tre-s-92,3,15,single,0,1,OPTIMAL,1,1.0,0.824,1,1,23
tre-s-92,3,22,single,0,1,OPTIMAL,1,1.0,0.81,1,1,23
tre-s-92,3,36,single,0,1,OPTIMAL,1,1.0,0.861,1,1,23
tre-s-92,3,38,single,0,1,OPTIMAL,1,1.0,0.781,1,1,23
tre-s-92,3,43,single,0,1,OPTIMAL,1,1.0,0.778,1,1,23
tre-s-92,3,130,single,0,1,OPTIMAL,1,1.0,0.767,1,1,23
tre-s-92,3,158,single,0,1,OPTIMAL,1,1.0,0.973,1,1,23
tre-s-92,3,162,single,0,1,OPTIMAL,1,1.0,0.894,1,1,23
tre-s-92,3,164,single,0,1,OPTIMAL,1,1.0,0.947,1,1,23
tre-s-92,3,197,single,0,1,OPTIMAL,1,1.0,0.922,1,1,23
tre-s-92,3,198,double,0,2,OPTIMAL,2,2.0,0.93,1,1,23
tre-s-92,4,3,single,0,1,OPTIMAL,1,1.0,0.81,1,1,22
tre-s-92,4,58,single,0,1,OPTIMAL,1,1.0,0.728,1,1,22
tre-s-92,4,64,single,0,1,OPTIMAL,1,1.0,0.737,1,1,22
tre-s-92,4,70,single,0,1,OPTIMAL,1,1.0,0.906,1,1,22
tre-s-92,4,82,double,0,2,OPTIMAL,2,2.0,1.022,1,1,22
tre-s-92,4,92,single,0,1,OPTIMAL,1,1.0,0.9,1,1,22
tre-s-92,4,107,single,0,1,OPTIMAL,1,1.0,0.907,1,1,22
tre-s-92,4,112,single,0,1,OPTIMAL,1,1.0,0.976,1,1,22
tre-s-92,4,116,single,0,1,OPTIMAL,1,1.0,0.899,1,1,22
tre-s-92,4,130,single,0,1,OPTIMAL,1,1.0,0.83,1,1,22
tre-s-92,4,199,single,0,1,OPTIMAL,1,1.0,0.855,1,1,22
tre-s-92,5,36,single,0,1,OPTIMAL,1,1.0,0.856,1,1,21
tre-s-92,5,42,single,0,1,OPTIMAL,1,1.0,0.855,1,1,21
tre-s-92,5,47,single,0,1,OPTIMAL,1,1.0,1.216,1,1,21
tre-s-92,5,98,single,0,1,OPTIMAL,1,1.0,0.766,1,1,21
tre-s-92,5,141,single,0,1,OPTIMAL,1,1.0,0.91,1,1,21
tre-s-92,5,148,new_period,1,1,OPTIMAL,6,6.0,3.745,1,0,21
tre-s-92,5,166,single,0,1,OPTIMAL,1,1.0,0.747,1,1,22
tre-s-92,5,179,single,0,1,OPTIMAL,1,1.0,0.759,1,1,22
tre-s-92,5,181,single,0,1,OPTIMAL,1,1.0,0.878,1,1,22
tre-s-92,5,198,single,0,1,OPTIMAL,1,1.0,0.935,1,1,22
tre-s-92,6,68,single,0,1,OPTIMAL,1,1.0,1.033,1,1,23
tre-s-92,6,72,single,0,1,OPTIMAL,1,1.0,0.951,1,1,23
tre-s-92,6,93,single,0,1,OPTIMAL,1,1.0,0.896,1,1,23
tre-s-92,6,123,single,0,1,OPTIMAL,1,1.0,0.859,1,1,23
tre-s-92,6,127,single,0,1,OPTIMAL,1,1.0,0.941,1,1,23
tre-s-92,6,130,single,0,1,OPTIMAL,1,1.0,0.814,1,1,23
tre-s-92,6,142,single,0,1,OPTIMAL,1,1.0,0.873,1,1,23
tre-s-92,6,156,single,0,1,OPTIMAL,1,1.0,0.957,1,1,23
tre-s-92,6,160,single,0,1,OPTIMAL,1,1.0,0.907,1,1,23
tre-s-92,7,38,single,0,1,OPTIMAL,1,1.0,0.881,1,1,21
tre-s-92,7,103,double,0,2,OPTIMAL,2,2.0,0.934,1,1,21
tre-s-92,7,120,new_period,1,1,OPTIMAL,4,4.0,0.925,1,0,21
tre-s-92,7,126,single,0,1,OPTIMAL,1,1.0,0.876,1,1,22
tre-s-92,7,131,single,0,1,OPTIMAL,1,1.0,0.867,1,1,22
tre-s-92,7,156,single,0,1,OPTIMAL,1,1.0,0.857,1,1,22
tre-s-92,7,198,single,0,1,OPTIMAL,1,1.0,0.847,1,1,22
tre-s-92,8,26,single,0,1,OPTIMAL,1,1.0,0.784,1,1,23
tre-s-92,8,28,single,0,1,OPTIMAL,1,1.0,0.773,1,1,23
tre-s-92,8,33,single,0,1,OPTIMAL,1,1.0,1.172,1,1,23
tre-s-92,8,39,single,0,1,OPTIMAL,1,1.0,1.063,1,1,23
tre-s-92,8,43,single,0,1,OPTIMAL,1,1.0,0.92,1,1,23
tre-s-92,8,103,single,0,1,OPTIMAL,1,1.0,0.94,1,1,23
tre-s-92,8,117,single,0,1,OPTIMAL,1,1.0,0.789,1,1,23
tre-s-92,8,146,single,0,1,OPTIMAL,1,1.0,0.855,1,1,23
tre-s-92,9,32,single,0,1,OPTIMAL,1,1.0,0.82,1,1,21
tre-s-92,9,41,single,0,1,OPTIMAL,1,1.0,0.706,1,1,21
tre-s-92,9,56,single,0,1,OPTIMAL,1,1.0,0.72,1,1,21
tre-s-92,9,57,new_period,1,1,OPTIMAL,3,3.0,0.928,1,0,21
tre-s-92,9,61,single,0,1,OPTIMAL,1,1.0,1.089,1,1,22
tre-s-92,9,68,double,0,2,OPTIMAL,2,2.0,0.919,1,1,22
tre-s-92,9,70,single,0,1,OPTIMAL,1,1.0,0.865,1,1,22
tre-s-92,9,140,new_period,1,1,OPTIMAL,3,3.0,1.019,1,0,22
tre-s-92,9,151,single,0,1,OPTIMAL,1,1.0,0.911,1,1,23
tre-s-92,9,190,single,0,1,OPTIMAL,1,1.0,0.849,1,1,23
