instance,condition,seed,method,T,clash_events,k0,k_final,periods_added,total_D,total_W,cum_dP_raw,P0_raw,rel_repair_dP,P_final,n_single,n_double,n_kempe,n_new,n_recompute,max_D,lat_clash_median_us,lat_clash_p95_us,lat_all_median_us,valid,hash,n,m,max_degree,students,build_s,wall_s
synth-n500-s0,tight,0,TBR,200,14,34,34,0,14,194,-2298,99417,-0.02311475904523371,24.80675,14,0,0,0,0,1,92.82,187.99,6.25,1,7b6b67b5c217a98fd2802a4d07d5f60dc3712f11c683149d24efba8d6d17e71d,500,15392,496,4000,0.23,0.02
synth-n500-s0,tight,0,RECOMPUTE,200,17,34,34,0,218,3147,-693,99417,-0.0069706388243459365,25.21525,0,0,0,0,17,65,16428.16,23339.92,5.94,1,99f69346f2f27ef3dfdb31e516e120452eb0cf8ba324ad516c8a34102888f50f,500,15392,496,4000,0.23,0.32
synth-n500-s1,tight,1,TBR,200,13,34,34,0,13,211,-2266,100921,-0.022453205972988773,25.18675,13,0,0,0,0,1,98.97,188.6,5.41,1,0913acc6ee874d96c9285939cc0ec536824a8dae956ba2fdd517aa0736a04cd8,500,15481,494,4000,0.22,0.02
synth-n500-s1,tight,1,RECOMPUTE,200,15,34,34,0,183,2912,-786,100921,-0.007788270032996106,25.5635,0,0,0,0,15,78,17485.62,23389.18,5.51,1,2b7e3e52fa69d143f03f2bea51c0c9fcb933a663c9009a0cdae90086bfd63e79,500,15481,494,4000,0.22,0.3
synth-n500-s2,tight,2,TBR,200,21,32,34,2,21,557,-3011,98690,-0.03050967676562975,24.4225,19,0,0,2,0,1,90.78,2588.88,6.38,1,1552e12d6879435820baea06e92962201112044e90116e78e425dcef0c98ea0a,500,15651,497,4000,0.22,0.03
synth-n500-s2,tight,2,RECOMPUTE,200,17,32,33,1,540,9799,-1890,98690,-0.019150876481913062,24.70925,0,0,0,0,17,153,16475.67,23443.63,6.75,1,3c93ea866511f287144b26e8970cc46664523c346ccbfbdcaf3b274fe84a1533,500,15651,497,4000,0.22,0.32
synth-n1000-s0,tight,0,TBR,200,17,41,41,0,17,434,-2236,184581,-0.012113922884803962,23.022125,17,0,0,0,0,1,94.25,279.2,6.59,1,ef5af66458be810b40a31b51d61c59a242c484e6f333850d6e117df9db5d3e05,1000,34009,986,8000,0.5,0.04
synth-n1000-s0,tight,0,RECOMPUTE,200,17,41,41,0,445,7044,-749,184581,-0.004057839105866801,23.213375,0,0,0,0,17,124,44774.39,52953.93,7.37,1,406fd3150a1096d88d88d69f76afb138bbd5fd2e8d143709d9946c31ee8a2e99,1000,34009,986,8000,0.5,0.83
synth-n1000-s1,tight,1,TBR,200,14,41,42,1,14,322,-1761,187075,-0.009413336896966457,23.374375,13,0,0,1,0,1,101.65,6195.26,6.42,1,3e63f905f1595bcd1bb6142bc678e0b1a8e461155f4d8b8f6d1298de539c7cb2,1000,33876,983,8000,0.49,0.05
synth-n1000-s1,tight,1,RECOMPUTE,200,16,41,42,1,574,11975,-1640,187075,-0.008766537484965923,23.397125,0,0,0,0,16,271,47573.94,66902.55,7.23,1,d21fd26e5523f2e7ee249e282e095fcd5b264b9b20a5439e12d4a7031cd6b8aa,1000,33876,983,8000,0.49,0.86
synth-n1000-s2,tight,2,TBR,200,13,40,41,1,13,310,-1591,182012,-0.0087411819000945,22.81525,12,0,0,1,0,1,92.95,2545.25,7.24,1,316b41b442f15640791edab8be21494e5f63fb63efe07405b43d38f0c834643b,1000,34086,987,8000,0.49,0.06
synth-n1000-s2,tight,2,RECOMPUTE,200,14,40,41,1,446,8202,1531,182012,0.00841153330549634,23.201875,0,0,0,0,14,196,45407.92,55692.57,6.86,1,bae16dcb8538e77fc23da6442acdcfb56ab8627cf779d6999d65842941007736,1000,34086,987,8000,0.49,0.7
synth-n2000-s0,tight,0,TBR,200,21,52,52,0,21,411,-3035,342618,-0.008858261971058146,21.3310625,21,0,0,0,0,1,138.08,254.12,7.59,1,e460d6c0e3236d3a1d62667f300890265432076bec39206507b949d41a7a4fe3,2000,72712,1949,16000,1.15,0.1
synth-n2000-s0,tight,0,RECOMPUTE,200,21,52,52,0,180,2408,-742,342618,-0.0021656772265321728,21.4753125,0,0,0,0,21,41,116180.85,145421.98,8.12,1,55d1ab578071267f8df79de795cfc386da7ffa658be0c20cc5b92b723fb4bf76,2000,72712,1949,16000,1.15,2.58
synth-n2000-s1,tight,1,TBR,200,15,52,52,0,15,498,-3064,335787,-0.009124832110832164,20.888125,15,0,0,0,0,1,158.03,412.08,7.7,1,c1a3bbc7be9c967e8942e4097164ff2189ec248ca63a8ebdec6f167e2333b22e,2000,72217,1951,16000,1.16,0.09
synth-n2000-s1,tight,1,RECOMPUTE,200,15,52,52,0,376,6756,-1966,335787,-0.005854902065892962,20.9583125,0,0,0,0,15,147,119467.53,131305.82,8.34,1,f09e55d377ff03660c76af6744b5b033e81a2109213b57fdc6fc3dcb014af150,2000,72217,1951,16000,1.16,1.9
synth-n2000-s2,tight,2,TBR,200,19,50,52,2,19,582,-3149,337104,-0.009341330865252266,20.9643125,17,0,0,2,0,1,129.65,9802.74,7.81,1,09073928f891e649e91ddf474c7dec9da40c9385be20f1180d78e259b63957cb,2000,72885,1954,16000,1.16,0.09
synth-n2000-s2,tight,2,RECOMPUTE,200,19,50,51,1,756,18890,-1887,337104,-0.005597679054535099,21.041375,0,0,0,0,19,268,123736.41,153539.41,8.85,1,bffe1434b9a804de198ce417044964e583709d512970b5e053e7b12048b50c72,2000,72885,1954,16000,1.16,2.51
synth-n4000-s0,tight,0,TBR,200,13,63,63,0,13,279,-1841,625159,-0.002944850829948861,19.52165625,13,0,0,0,0,1,189.51,318.12,9.41,1,0e49e7cf02b730b119a4998fa39f1185d14de2c575d7da33d05494c8054f0d80,4000,152091,3852,32000,2.89,0.17
synth-n4000-s0,tight,0,RECOMPUTE,200,15,63,63,0,409,7824,-496,625159,-0.0007933981595082211,19.5631875,0,0,0,0,15,280,314158.86,358288.76,9.46,1,accd98ce4f5e8f8aa5b0ee9e292a5e04a5096b03cbe8093696c60bce5ba236f1,4000,152091,3852,32000,2.89,4.96
synth-n4000-s1,tight,1,TBR,200,15,64,64,0,15,368,-2776,616762,-0.004500925802821834,19.2288125,15,0,0,0,0,1,191.55,291.83,9.08,1,db391b33af99c5017a7640ff8537b9ec27164ae046356b48c9793a73a9b99f3f,4000,152095,3833,32000,2.95,0.17
synth-n4000-s1,tight,1,RECOMPUTE,200,15,64,64,0,775,19172,1592,616762,0.00258122257856353,19.3655625,0,0,0,0,15,465,318173.99,356159.48,10.2,1,72e525497e36281a82ed26344080ff880f4cd7eae5424e22ce3ba9a69ee80884,4000,152095,3833,32000,2.95,5.01
synth-n4000-s2,tight,2,TBR,200,16,64,64,0,16,614,-3090,622283,-0.004965586397185846,19.4005,16,0,0,0,0,1,185.17,525.92,9.58,1,e325da667b998d80770ed0ac309b9750fa6814e3e87e4969315fbdc9d3c6964a,4000,152830,3849,32000,3.03,0.17
synth-n4000-s2,tight,2,RECOMPUTE,200,15,64,64,0,321,5632,-156,622283,-0.0002506897986928777,19.492125,0,0,0,0,15,110,327724.31,374071.94,9.77,1,9ad1ef9cae4a114b8ac5da1e59aec458415bac9b58c1de9fe0b39b27f40403c4,4000,152830,3849,32000,3.03,5.15
synth-n8000-s0,tight,0,TBR,200,15,81,81,0,15,247,-2430,1153084,-0.0021073920026641597,17.99953125,15,0,0,0,0,1,333.65,398.19,10.69,1,8e7a162d01673e95dae9d8f6e93b742e0efb1fed8bb20aa8c3a039c0aa34a52f,8000,317934,7597,64000,8.35,0.3
synth-n8000-s0,tight,0,RECOMPUTE,200,16,81,81,0,1324,42330,-1582,1153084,-0.0013719729004998769,18.01265625,0,0,0,0,16,1158,912910.27,981122.34,11.44,1,13dd3d6fd46469d66e18d6e7ae8d9a2d034d571c2fe25584cbef854062ab7880,8000,317934,7597,64000,8.35,14.99
synth-n8000-s1,tight,1,TBR,200,17,84,84,0,17,251,-2007,1151048,-0.0017436284151486298,17.975671875,17,0,0,0,0,1,323.47,460.98,10.93,1,072d7a97d7ff3eb695cd56aa322770803e7f96862a13557273ebfccacec0e8ca,8000,316364,7581,64000,8.57,0.3
synth-n8000-s1,tight,1,RECOMPUTE,200,17,84,84,0,353,6230,-114,1151048,-9.904017903684294e-05,18.0054375,0,0,0,0,17,97,868210.43,968885.78,11.47,1,dbbbf1d13fca4a019c7b4d4d867fd95c30d24e534e93b0bd2413353292f0c369,8000,316364,7581,64000,8.57,15.43
synth-n8000-s2,tight,2,TBR,200,17,82,82,0,17,334,-2803,1149627,-0.0024381821234191613,17.943203125,17,0,0,0,0,1,269.5,490.58,11.54,1,7238c71c3b54f94f533b8bfeea6300e89200dea91435e8563ace7f965030eec5,8000,316998,7570,64000,8.52,0.3
synth-n8000-s2,tight,2,RECOMPUTE,200,15,82,82,0,368,6585,-797,1149627,-0.0006932683383393048,17.97540625,0,0,0,0,15,315,934336.0,1014370.44,11.48,1,3be1c443cf16cebd62478ac4c08fb52198c6463b4f08b212e44b9455441da812,8000,316998,7570,64000,8.52,14.4
