instance,n,m,max_degree,density,students,enrolments,official_periods,clique_lb,constructor,colours,proper,time_s,carter_cost_at_colours,nx_largest_first,nx_smallest_last,nx_dsatur
car-f-92,543,20305,381,0.138,18419,55522,32,23,first_fit,44,1,0.0023,8.129,32,35,30
car-f-92,543,20305,381,0.138,18419,55522,32,23,welsh_powell,32,1,0.0023,10.615,32,35,30
car-f-92,543,20305,381,0.138,18419,55522,32,23,smallest_last,34,1,0.0061,11.883,32,35,30
car-f-92,543,20305,381,0.138,18419,55522,32,23,dsatur,29,1,0.0213,10.077,32,35,30
car-f-92,543,20305,381,0.138,18419,55522,32,23,rlf,31,1,0.0958,9.826,32,35,30
car-s-91,682,29814,472,0.1284,16925,56877,35,23,first_fit,48,1,0.003,9.774,34,34,31
car-s-91,682,29814,472,0.1284,16925,56877,35,23,welsh_powell,34,1,0.0033,11.496,34,34,31
car-s-91,682,29814,472,0.1284,16925,56877,35,23,smallest_last,35,1,0.0097,13.141,34,34,31
car-s-91,682,29814,472,0.1284,16925,56877,35,23,dsatur,31,1,0.0354,12.219,34,34,31
car-s-91,682,29814,472,0.1284,16925,56877,35,23,rlf,32,1,0.1397,11.898,34,34,31
ear-f-83,190,4793,134,0.2669,1125,8109,24,21,first_fit,29,1,0.0005,56.789,26,24,23
ear-f-83,190,4793,134,0.2669,1125,8109,24,21,welsh_powell,26,1,0.0006,72.063,26,24,23
ear-f-83,190,4793,134,0.2669,1125,8109,24,21,smallest_last,26,1,0.0013,65.942,26,24,23
ear-f-83,190,4793,134,0.2669,1125,8109,24,21,dsatur,24,1,0.0038,63.398,26,24,23
ear-f-83,190,4793,134,0.2669,1125,8109,24,21,rlf,23,1,0.0151,73.373,26,24,23
hec-s-92,81,1363,62,0.4207,2823,10632,18,17,first_fit,22,1,0.0002,25.577,20,19,19
hec-s-92,81,1363,62,0.4207,2823,10632,18,17,welsh_powell,20,1,0.0002,32.726,20,19,19
hec-s-92,81,1363,62,0.4207,2823,10632,18,17,smallest_last,18,1,0.0004,21.041,20,19,19
hec-s-92,81,1363,62,0.4207,2823,10632,18,17,dsatur,19,1,0.0008,25.058,20,19,19
hec-s-92,81,1363,62,0.4207,2823,10632,18,17,rlf,20,1,0.0039,27.584,20,19,19
kfu-s-93,461,5893,247,0.0556,5349,25113,20,18,first_fit,25,1,0.0007,33.317,20,19,19
kfu-s-93,461,5893,247,0.0556,5349,25113,20,18,welsh_powell,20,1,0.0008,46.516,20,19,19
kfu-s-93,461,5893,247,0.0556,5349,25113,20,18,smallest_last,19,1,0.0022,48.422,20,19,19
kfu-s-93,461,5893,247,0.0556,5349,25113,20,18,dsatur,19,1,0.0061,46.941,20,19,19
kfu-s-93,461,5893,247,0.0556,5349,25113,20,18,rlf,20,1,0.0204,43.347,20,19,19
lse-f-91,381,4531,134,0.0626,2726,10918,18,17,first_fit,22,1,0.0006,26.595,19,19,19
lse-f-91,381,4531,134,0.0626,2726,10918,18,17,welsh_powell,19,1,0.0005,27.048,19,19,19
lse-f-91,381,4531,134,0.0626,2726,10918,18,17,smallest_last,20,1,0.0014,28.853,19,19,19
lse-f-91,381,4531,134,0.0626,2726,10918,18,17,dsatur,19,1,0.0032,29.421,19,19,19
lse-f-91,381,4531,134,0.0626,2726,10918,18,17,rlf,18,1,0.0104,28.404,19,19,19
pur-s-93,2419,86261,857,0.0295,30029,120681,42,29,first_fit,54,1,0.0074,13.755,38,38,35
pur-s-93,2419,86261,857,0.0295,30029,120681,42,29,welsh_powell,38,1,0.0081,16.703,38,38,35
pur-s-93,2419,86261,857,0.0295,30029,120681,42,29,smallest_last,38,1,0.0225,16.917,38,38,35
pur-s-93,2419,86261,857,0.0295,30029,120681,42,29,dsatur,34,1,0.1233,16.975,38,38,35
pur-s-93,2419,86261,857,0.0295,30029,120681,42,29,rlf,36,1,0.3423,16.203,38,38,35
rye-s-93,486,8872,274,0.0753,11483,45051,23,21,first_fit,28,1,0.0009,27.842,25,23,22
rye-s-93,486,8872,274,0.0753,11483,45051,23,21,welsh_powell,25,1,0.001,34.184,25,23,22
rye-s-93,486,8872,274,0.0753,11483,45051,23,21,smallest_last,23,1,0.0024,29.183,25,23,22
rye-s-93,486,8872,274,0.0753,11483,45051,23,21,dsatur,22,1,0.007,32.41,25,23,22
rye-s-93,486,8872,274,0.0753,11483,45051,23,21,rlf,24,1,0.0235,33.028,25,23,22
sta-f-83,139,1381,61,0.144,611,5751,13,13,first_fit,13,1,0.0001,211.928,13,13,13
sta-f-83,139,1381,61,0.144,611,5751,13,13,welsh_powell,13,1,0.0002,194.396,13,13,13
sta-f-83,139,1381,61,0.144,611,5751,13,13,smallest_last,13,1,0.0004,212.303,13,13,13
sta-f-83,139,1381,61,0.144,611,5751,13,13,dsatur,13,1,0.0008,194.396,13,13,13
sta-f-83,139,1381,61,0.144,611,5751,13,13,rlf,13,1,0.0027,202.918,13,13,13
tre-s-92,261,6131,145,0.1807,4360,14901,23,19,first_fit,29,1,0.0006,13.076,23,23,23
tre-s-92,261,6131,145,0.1807,4360,14901,23,19,welsh_powell,23,1,0.0006,15.901,23,23,23
tre-s-92,261,6131,145,0.1807,4360,14901,23,19,smallest_last,22,1,0.0015,16.26,23,23,23
tre-s-92,261,6131,145,0.1807,4360,14901,23,19,dsatur,23,1,0.0046,15.843,23,23,23
tre-s-92,261,6131,145,0.1807,4360,14901,23,19,rlf,21,1,0.015,15.896,23,23,23
uta-s-92,622,24249,303,0.1256,21266,58979,35,26,first_fit,43,1,0.0028,7.209,36,34,31
uta-s-92,622,24249,303,0.1256,21266,58979,35,26,welsh_powell,36,1,0.0029,7.377,36,34,31
uta-s-92,622,24249,303,0.1256,21266,58979,35,26,smallest_last,33,1,0.0075,8.408,36,34,31
uta-s-92,622,24249,303,0.1256,21266,58979,35,26,dsatur,31,1,0.0288,7.854,36,34,31
uta-s-92,622,24249,303,0.1256,21266,58979,35,26,rlf,33,1,0.1218,7.864,36,34,31
ute-s-92,184,1430,58,0.0849,2749,11793,10,10,first_fit,13,1,0.0002,48.61,11,10,10
ute-s-92,184,1430,58,0.0849,2749,11793,10,10,welsh_powell,11,1,0.0002,54.34,11,10,10
ute-s-92,184,1430,58,0.0849,2749,11793,10,10,smallest_last,10,1,0.0005,57.946,11,10,10
ute-s-92,184,1430,58,0.0849,2749,11793,10,10,dsatur,10,1,0.0013,58.872,11,10,10
ute-s-92,184,1430,58,0.0849,2749,11793,10,10,rlf,10,1,0.0028,56.905,11,10,10
yor-f-83,181,4706,117,0.2889,941,6034,21,18,first_fit,27,1,0.0005,47.925,23,22,20
yor-f-83,181,4706,117,0.2889,941,6034,21,18,welsh_powell,23,1,0.0005,64.689,23,22,20
yor-f-83,181,4706,117,0.2889,941,6034,21,18,smallest_last,22,1,0.0013,63.56,23,22,20
yor-f-83,181,4706,117,0.2889,941,6034,21,18,dsatur,21,1,0.0037,62.043,23,22,20
yor-f-83,181,4706,117,0.2889,941,6034,21,18,rlf,21,1,0.0137,64.39,23,22,20
