instance,condition,seed,method,T,clash_events,k0,k_final,periods_added,total_D,total_W,cum_dP_raw,P0_raw,rel_repair_dP,P_final,n_single,n_double,n_kempe,n_new,n_recompute,max_D,lat_clash_median_us,lat_clash_p95_us,lat_all_median_us,valid,hash
car-f-92,tight,0,TBR,2000,58,28,33,5,64,5450,-22874,178953,-0.12782127150704375,9.236549215484011,47,6,0,5,0,2,121.63,2337.1,4.47,1,b5b527ca74974a90a2ad55a481f09590174d99f3914dc511e603064a482bb03d
car-f-92,tight,0,SINGLE,2000,57,28,34,6,57,5316,-26653,178953,-0.1489385481103977,9.030837721917585,51,0,0,6,0,1,109.11,272.4,4.31,1,48484c9d6a19922403c40ba6237384fec2b7ea29facfe3135ded56585942d0b2
car-f-92,tight,0,ONE_BLOCKER,2000,58,28,33,5,64,5450,-22874,178953,-0.12782127150704375,9.236549215484011,47,6,0,5,0,2,127.09,574.23,4.6,1,b5b527ca74974a90a2ad55a481f09590174d99f3914dc511e603064a482bb03d
car-f-92,tight,1,TBR,2000,68,28,33,5,72,6138,-26785,187537,-0.1428251491705637,9.477224605027418,59,4,0,5,0,2,145.29,2081.04,5.11,1,8a2c478821590d005955fe39b7b35574405a54f78298a94ad74a681d9199d933
car-f-92,tight,1,SINGLE,2000,67,28,34,6,67,5116,-29708,187537,-0.1584114068157217,9.310820348553124,61,0,0,6,0,1,106.04,239.03,4.38,1,e8d67bae5c61d9cb74c25e55adbdf312293e205285b035cbadcaeb9e70f622c6
car-f-92,tight,1,ONE_BLOCKER,2000,68,28,33,5,72,6138,-26785,187537,-0.1428251491705637,9.477224605027418,59,4,0,5,0,2,118.33,472.19,4.56,1,8a2c478821590d005955fe39b7b35574405a54f78298a94ad74a681d9199d933
car-f-92,tight,2,TBR,2000,56,28,31,3,68,5482,-19680,175982,-0.11182961893830051,9.193115804332482,45,6,2,3,0,5,130.58,2131.78,4.5,1,187cc66d50974fec35aeb2c94305ac976247e2e4c1f77580eaf3a822ef8ae8ac
car-f-92,tight,2,SINGLE,2000,57,28,33,5,57,4268,-18591,175982,-0.10564148606107443,9.255768499918563,52,0,0,5,0,1,103.38,302.36,4.36,1,d10cbc85106c4353bf903244b0e3bcb9c6e6dee91de00cadfd3694c49ac256ca
car-f-92,tight,2,ONE_BLOCKER,2000,56,28,32,4,60,4760,-20053,175982,-0.11394915389073883,9.172702101091264,48,4,0,4,0,2,138.17,532.26,4.66,1,eb6596d1815847bc6f4b693bd7cb434f8e6bb1fd8f2b53b15028049670087b16
car-f-92,tight,3,TBR,2000,50,28,30,2,54,4101,-14471,175299,-0.08255038534161632,9.476790270915902,44,4,0,2,0,2,110.62,670.04,4.84,1,265bad6f80472b736c4fd84c1fa6cbb3be55c9c1aca2fd6e944f686173a0859e
car-f-92,tight,3,SINGLE,2000,45,28,33,5,45,3008,-15920,175299,-0.09081626250007131,9.396384168521635,40,0,0,5,0,1,114.6,314.26,4.72,1,d968d8bacfa353d2a5eeffcd43dc5d538171b39fc39a954c51f860f8d480659f
car-f-92,tight,3,ONE_BLOCKER,2000,50,28,30,2,54,4101,-14471,175299,-0.08255038534161632,9.476790270915902,44,4,0,2,0,2,113.37,488.13,5.16,1,265bad6f80472b736c4fd84c1fa6cbb3be55c9c1aca2fd6e944f686173a0859e
car-f-92,tight,4,TBR,2000,57,29,33,4,61,4604,-21965,169210,-0.12980911293658767,8.670829035235355,49,4,0,4,0,2,114.96,2378.93,4.59,1,2e5fc33d9474dfa8e2956afe51921bcddfba3f182f7b33e5e1e27c5b079443d3
car-f-92,tight,4,SINGLE,2000,57,29,35,6,57,4572,-25155,169210,-0.14866142662963183,8.492697757750149,51,0,0,6,0,1,111.52,297.37,4.65,1,11b6cbb087eeb7c24d92903e3963be6dbd1896af3d13ed18ff688d53562cf904
car-f-92,tight,4,ONE_BLOCKER,2000,57,29,33,4,61,4604,-21965,169210,-0.12980911293658767,8.670829035235355,49,4,0,4,0,2,107.73,498.44,4.57,1,2e5fc33d9474dfa8e2956afe51921bcddfba3f182f7b33e5e1e27c5b079443d3
car-s-91,tight,0,TBR,2000,72,30,36,6,92,7267,-33425,204155,-0.16372364135093434,10.975834564254063,55,9,2,6,0,7,164.34,2747.03,4.94,1,284fe62ded8847bd851366f13fcf9df10eecb2de8ecbecc50677b145347716fe
car-s-91,tight,0,SINGLE,2000,69,30,38,8,69,5801,-36148,204155,-0.17706154637407853,10.810457902511079,61,0,0,8,0,1,142.88,329.15,4.77,1,fb0b6c557774a6be3c484498a54200bc2247f0ddad1b7424d156d6ab471ae2e5
car-s-91,tight,0,ONE_BLOCKER,2000,72,30,36,6,80,6885,-36014,204155,-0.17640518233694988,10.808980797636632,58,8,0,6,0,2,184.33,622.9,4.8,1,22ec1b3d6c6d8bbc5b6d6cb311249f8576aae1d7a81fda27528bb54b8223fe76
car-s-91,tight,1,TBR,2000,69,29,33,4,76,5346,-22734,201265,-0.1129555561076193,11.386115214180206,58,7,0,4,0,2,141.2,1733.7,5.0,1,469b24f219da64524e65edd1574209b2cfce3006695dbe026edef3ce3a615dd4
car-s-91,tight,1,SINGLE,2000,72,29,36,7,72,4829,-25822,201265,-0.1282985119121556,11.211107828655834,65,0,0,7,0,1,139.63,319.94,4.79,1,152f4e6b4a7bbb7d33965e3a0379b84dd21a596210c55a68a4cf5f9fb02a4423
car-s-91,tight,1,ONE_BLOCKER,2000,69,29,33,4,76,5346,-22734,201265,-0.1129555561076193,11.386115214180206,58,7,0,4,0,2,145.6,614.63,4.95,1,469b24f219da64524e65edd1574209b2cfce3006695dbe026edef3ce3a615dd4
car-s-91,tight,2,TBR,2000,73,31,37,6,82,6705,-27897,192310,-0.14506265924808903,10.596927621861152,58,9,0,6,0,2,167.59,2728.41,5.17,1,88b8ef3d7499f619d216feeb707e9616b4c026c2bfacdd6895491cbedfa232ed
car-s-91,tight,2,SINGLE,2000,72,31,37,6,72,5389,-24939,192310,-0.1296812438250741,10.763781388478582,66,0,0,6,0,1,154.82,281.74,4.95,1,9acdb0f5d7ad3fe7f646fbffdd0975899ef61f8455ff1c5f1734b3de71f5c6d7
car-s-91,tight,2,ONE_BLOCKER,2000,73,31,37,6,82,6705,-27897,192310,-0.14506265924808903,10.596927621861152,58,9,0,6,0,2,170.15,593.94,5.02,1,88b8ef3d7499f619d216feeb707e9616b4c026c2bfacdd6895491cbedfa232ed
car-s-91,tight,3,TBR,2000,70,31,36,5,73,5421,-30334,203498,-0.1490628900529735,11.08218611521418,62,3,0,5,0,2,135.53,2540.2,4.89,1,ba23829c4013954dd4f02f09c88d777ff639e6cfdd850849305e276c4d42a2bf
car-s-91,tight,3,SINGLE,2000,70,31,38,7,70,4860,-28651,203498,-0.1407925385016069,11.188124076809453,63,0,0,7,0,1,177.31,299.64,4.88,1,d58a8cce1fb42068bae32259e7104ac69141c413ce1d84450e55c44ad921e4f7
car-s-91,tight,3,ONE_BLOCKER,2000,70,31,36,5,73,5421,-30334,203498,-0.1490628900529735,11.08218611521418,62,3,0,5,0,2,154.19,560.49,5.29,1,ba23829c4013954dd4f02f09c88d777ff639e6cfdd850849305e276c4d42a2bf
car-s-91,tight,4,TBR,2000,84,31,37,6,92,6250,-30189,194184,-0.15546594982078854,10.512673559822748,70,8,0,6,0,2,159.68,2728.71,5.19,1,0b5b110b425c439fa9f6f83001e256246e00bfaa119e05da6783ad00b65fe386
car-s-91,tight,4,SINGLE,2000,83,31,39,8,83,5869,-32381,194184,-0.16675421249948502,10.376070901033973,75,0,0,8,0,1,138.17,302.24,5.04,1,cb06a56916581193da2da7a20ac855a64f9097b728691d5712ccd6ad98849dcd
car-s-91,tight,4,ONE_BLOCKER,2000,84,31,37,6,92,6250,-30189,194184,-0.15546594982078854,10.512673559822748,70,8,0,6,0,2,156.22,666.91,5.17,1,0b5b110b425c439fa9f6f83001e256246e00bfaa119e05da6783ad00b65fe386
ear-f-83,tight,0,TBR,2000,88,18,25,7,106,3129,-17178,52729,-0.3257789831022777,60.56088888888889,69,9,3,7,0,5,78.33,1383.99,4.39,1,8f95697074acb40573913d682b17b3aaec2e447e0d18c05fe86157e0413f9c36
ear-f-83,tight,0,SINGLE,2000,76,18,29,11,76,1943,-22774,52729,-0.43190654099262266,54.10666666666667,65,0,0,11,0,1,66.93,156.4,4.37,1,ae229bd6900da9769f18772f31f4a82d3b11423a47883ce560d9084e81db3594
ear-f-83,tight,0,ONE_BLOCKER,2000,86,18,26,8,94,2346,-18844,52729,-0.3573744998008686,58.92088888888889,70,8,0,8,0,2,76.79,249.69,4.44,1,d51fcd593d44daa40b683b28dbe84d8782165dfa0f8149aafa39e6775c9a624a
ear-f-83,tight,1,TBR,2000,84,19,27,8,97,2931,-18752,52976,-0.3539716097855633,60.81155555555556,64,11,1,8,0,3,89.69,1470.8,4.49,1,783e67667df0a484f87cc74bffa0b18969631f2d9e9ef8894a544a6c67d5c4f4
ear-f-83,tight,1,SINGLE,2000,78,19,29,10,78,2319,-21686,52976,-0.4093551797040169,57.79822222222222,68,0,0,10,0,1,73.55,141.06,4.3,1,8d3ad0db456c8f97b6cf31bbe35c6f8450364e706a481ada61488da4d89efb7c
ear-f-83,tight,1,ONE_BLOCKER,2000,88,19,27,8,98,2866,-20451,52976,-0.386042736333434,58.912,70,10,0,8,0,2,80.25,285.41,4.48,1,9b267aba0e212223c45dd90911782f1a9aac74e12f2ab22e9b335a9d0cc037f8
ear-f-83,tight,2,TBR,2000,80,18,27,9,96,2726,-25476,56277,-0.45268937576629886,55.77422222222222,60,9,2,9,0,6,77.76,1215.69,4.33,1,b1895009340b0f8c33c4e1923d34a807b49a7388ec56b55ad2c671452c61d4c1
ear-f-83,tight,2,SINGLE,2000,83,18,31,13,83,2540,-31506,56277,-0.559837944453329,48.952888888888886,70,0,0,13,0,1,70.05,141.69,4.34,1,da1d0c433be3e9fc333eb29469266ac8016e8df21111532e87c24644bc3081d7
ear-f-83,tight,2,ONE_BLOCKER,2000,76,18,28,10,82,2698,-25782,56277,-0.4581267658190735,54.79377777777778,60,6,0,10,0,2,85.01,250.74,4.43,1,bb5f74deca8988cb95f93cd6e844b2b0eeb942a766e270ab3d2fcb382cf949a1
ear-f-83,tight,3,TBR,2000,78,19,26,7,94,2938,-21944,53447,-0.4105749621119988,56.53066666666667,59,9,3,7,0,4,75.24,1329.59,4.44,1,336f25be400299ae75795e8689d449e676fdd177b6d9729dc7c08dffca2c9725
ear-f-83,tight,3,SINGLE,2000,71,19,30,11,71,2273,-26137,53447,-0.4890265122457762,51.78044444444444,60,0,0,11,0,1,61.91,132.79,4.24,1,7320bd68910e5cbea73fb72ae0db52a461b31bc607b4d60e9d8f5ea8893f31cc
ear-f-83,tight,3,ONE_BLOCKER,2000,77,19,27,8,86,2791,-23853,53447,-0.44629258891986456,54.25866666666667,60,9,0,8,0,2,75.96,295.74,4.38,1,9b8df26fc8d465bbd7f51178ff18f6c4243c3feb1f40a3005b9f0caec2d76f49
ear-f-83,tight,4,TBR,2000,74,19,25,6,88,3207,-21734,55852,-0.3891355725846881,59.681777777777775,58,7,3,6,0,4,85.11,1230.32,4.44,1,66d26c41a608997b48c8cf05e5ff149d779e0d4e1561a7c3fa33afeb50f180b4
ear-f-83,tight,4,SINGLE,2000,71,19,29,10,71,2180,-23382,55852,-0.4186421256177039,57.05777777777778,61,0,0,10,0,1,74.42,147.02,4.52,1,08f0ae775c9af383964120aa73a7d88b89a8995dd471dfdf38130c68846692db
ear-f-83,tight,4,ONE_BLOCKER,2000,74,19,26,7,82,2633,-21308,55852,-0.38150827186134784,59.531555555555556,59,8,0,7,0,2,77.33,305.82,4.42,1,d7d1e5a965dad1ef40c62fa34ac93206b667b2ebe294eea25b1dd174db2f15f4
hec-s-92,tight,0,TBR,2000,31,15,20,5,46,4298,-22999,54920,-0.4187727603787327,20.49415515409139,14,9,3,5,0,3,142.18,1054.41,3.44,1,4dce42afd0ee1d7358e0856c3aa22b38765ece851fb74412f124c0f708adff8a
hec-s-92,tight,0,SINGLE,2000,25,15,23,8,25,2188,-21984,54920,-0.40029133284777857,20.798087141339,17,0,0,8,0,1,47.34,89.25,3.37,1,d129176fd2abebd41cb6bfbaa673f0ed48ca6a9aec92164f7362e536f9172ed2
hec-s-92,tight,0,ONE_BLOCKER,2000,32,15,20,5,42,3332,-18768,54920,-0.3417334304442826,22.085724406659583,17,10,0,5,0,2,92.21,198.64,3.45,1,783704d4f903ba52c7d59d7dddb887ebf0a1980e1b210fc772ffd72ac1b42038
hec-s-92,tight,1,TBR,2000,32,17,20,3,42,4132,-23327,49640,-0.46992344883158743,16.787105915692525,20,8,1,3,0,3,68.78,950.26,3.52,1,43a6ee0a635d98b03b30e1dc90e05cfe2ab54ce41e3a8b886fb927ff7829554b
hec-s-92,tight,1,SINGLE,2000,24,17,21,4,24,2905,-26421,49640,-0.5322522159548752,15.586609989373008,20,0,0,4,0,1,53.38,92.8,3.39,1,e3f065b6a07f540b42cc2df95b949654fdaaf54ed2535774690a0a7b9f74cc26
hec-s-92,tight,1,ONE_BLOCKER,2000,25,17,20,3,32,3410,-25355,49640,-0.5107775987107172,15.969890187743536,15,7,0,3,0,2,75.16,307.79,3.45,1,291d471c33b23bae4ffa0ee7d0260cdc86f59ed705e1fbb23ecc074392c8e40d
hec-s-92,tight,2,TBR,2000,35,15,19,4,54,5177,-17047,51885,-0.32855353184928204,20.617782500885582,16,13,2,4,0,5,135.64,1168.43,3.34,1,7a22328d3c2745bfa240d3b7651e51cc8e44d4b70943e5fd7d0859e4ef246700
hec-s-92,tight,2,SINGLE,2000,29,15,23,8,29,1982,-14325,51885,-0.2760913558832032,21.701027275947574,21,0,0,8,0,1,47.41,98.95,3.29,1,bbe1a5d007f7a84c85454b328c07b136e5b075e96af5eb633e95aa8c7fbed97f
hec-s-92,tight,2,ONE_BLOCKER,2000,32,15,20,5,43,4569,-11958,51885,-0.23047123446082682,22.915338292596527,16,11,0,5,0,2,112.71,192.74,3.38,1,8ab193bdf1637bebd87bdf6cab5802289a027698753b485ed358c12b893e5026
hec-s-92,tight,3,TBR,2000,32,16,19,3,40,2774,-16600,55165,-0.3009154355116469,22.42685086787106,21,8,0,3,0,2,90.14,842.49,3.43,1,72a86ecda3e66d09466d0cbffba9d6e416f7265309af164eca333d244ea21ee9
hec-s-92,tight,3,SINGLE,2000,31,16,23,7,31,2801,-27390,55165,-0.4965104685942173,17.928090683669854,24,0,0,7,0,1,46.38,94.18,3.33,1,4730124e688c9c839b887b183b7675b28d7414c8e4c4af08114b11606385f03a
hec-s-92,tight,3,ONE_BLOCKER,2000,32,16,19,3,40,2774,-16600,55165,-0.3009154355116469,22.42685086787106,21,8,0,3,0,2,79.76,286.03,3.5,1,72a86ecda3e66d09466d0cbffba9d6e416f7265309af164eca333d244ea21ee9
hec-s-92,tight,4,TBR,2000,23,16,20,4,26,2444,-17665,50141,-0.35230649568217626,20.396741055614594,16,3,0,4,0,2,84.98,1076.52,3.37,1,3ce1f73bab0e62eff5d92e9f333098751dd13ba6b433f6c1e84a728b3662aa18
hec-s-92,tight,4,SINGLE,2000,22,16,20,4,22,1984,-15090,50141,-0.3009513172852556,21.301098122564646,18,0,0,4,0,1,67.25,146.05,3.33,1,3bc463b070a10b1e97f4df5ece8b91601afb2d27282a6da46d92ad6b2e592edf
hec-s-92,tight,4,ONE_BLOCKER,2000,23,16,20,4,26,2444,-17665,50141,-0.35230649568217626,20.396741055614594,16,3,0,4,0,2,82.2,210.12,3.4,1,3ce1f73bab0e62eff5d92e9f333098751dd13ba6b433f6c1e84a728b3662aa18
kfu-s-93,tight,0,TBR,2000,56,19,19,0,59,1287,-17537,218763,-0.08016437880263116,44.57169564404562,53,3,0,0,0,2,55.25,148.77,4.75,1,7f2213d27313027e4c4841464df31ccb51c8398be291b2587b98070838d4071b
kfu-s-93,tight,0,SINGLE,2000,55,19,20,1,55,1206,-18595,218763,-0.08500066281775255,44.35221536735838,54,0,0,1,0,1,56.64,123.42,4.51,1,e00206c1b5caffb27ff1bf2047aa731dc6e524457eb4fd13caeb892e5e80e208
kfu-s-93,tight,0,ONE_BLOCKER,2000,56,19,19,0,59,1287,-17537,218763,-0.08016437880263116,44.57169564404562,53,3,0,0,0,2,54.12,155.22,4.67,1,7f2213d27313027e4c4841464df31ccb51c8398be291b2587b98070838d4071b
kfu-s-93,tight,1,TBR,2000,56,19,20,1,58,1430,-15844,206398,-0.07676430973168345,42.32847261170312,53,2,0,1,0,2,54.95,161.08,4.63,1,2b4f00f7002d616303464cc5ee48c7f7a7780771658c453256d82752410d531f
kfu-s-93,tight,1,SINGLE,2000,56,19,20,1,56,1355,-16786,206398,-0.08132830744483958,42.1258179098897,55,0,0,1,0,1,55.99,113.47,4.68,1,03694a19135cf57f7d2738c90be5c90f4426203e71b146de98e3c46112501c00
kfu-s-93,tight,1,ONE_BLOCKER,2000,56,19,20,1,58,1430,-15844,206398,-0.07676430973168345,42.32847261170312,53,2,0,1,0,2,53.35,135.52,4.58,1,2b4f00f7002d616303464cc5ee48c7f7a7780771658c453256d82752410d531f
kfu-s-93,tight,2,TBR,2000,62,18,19,1,64,1736,-23207,220140,-0.10541927864086491,43.96204898111797,59,2,0,1,0,2,53.49,176.32,4.57,1,d3b22deae7b41ed0fa62a23eb77a5293236772e65b2bebd0f66d97621fa644bf
kfu-s-93,tight,2,SINGLE,2000,62,18,21,3,62,1623,-21977,220140,-0.0998319251385482,44.20134604598991,59,0,0,3,0,1,54.85,121.81,4.86,1,ffece58668cadb389549d376cd0f13932d088bc0f3b2e39889bde42ab062aa34
kfu-s-93,tight,2,ONE_BLOCKER,2000,62,18,19,1,64,1736,-23207,220140,-0.10541927864086491,43.96204898111797,59,2,0,1,0,2,55.72,197.31,4.72,1,d3b22deae7b41ed0fa62a23eb77a5293236772e65b2bebd0f66d97621fa644bf
kfu-s-93,tight,3,TBR,2000,58,20,21,1,58,1745,-19733,200541,-0.09839883116170758,40.367919237240606,57,0,0,1,0,1,66.4,118.89,4.53,1,44bf1013b51f247b840251ab61c2df7e4f60c37a0c086bd8f532cd823eb7489a
kfu-s-93,tight,3,SINGLE,2000,58,20,21,1,58,1745,-19733,200541,-0.09839883116170758,40.367919237240606,57,0,0,1,0,1,65.48,135.78,4.46,1,44bf1013b51f247b840251ab61c2df7e4f60c37a0c086bd8f532cd823eb7489a
kfu-s-93,tight,3,ONE_BLOCKER,2000,58,20,21,1,58,1745,-19733,200541,-0.09839883116170758,40.367919237240606,57,0,0,1,0,1,66.27,123.11,4.56,1,44bf1013b51f247b840251ab61c2df7e4f60c37a0c086bd8f532cd823eb7489a
kfu-s-93,tight,4,TBR,2000,48,19,20,1,50,972,-9510,215472,-0.04413566495878815,45.73340811366611,45,2,0,1,0,2,64.87,288.65,4.49,1,0f0206c5a7f5356e676c063f572e694074e97383ad631033632bf50a86e471ce
kfu-s-93,tight,4,SINGLE,2000,47,19,21,2,47,871,-10155,215472,-0.04712909333927378,45.61132922041503,45,0,0,2,0,1,65.6,158.34,4.37,1,f71418fe9adcc02b17b1fa60c317cc09f992e3efb43cd502213d7702e47e7cf9
kfu-s-93,tight,4,ONE_BLOCKER,2000,48,19,20,1,50,972,-9510,215472,-0.04413566495878815,45.73340811366611,45,2,0,1,0,2,66.85,191.1,4.6,1,0f0206c5a7f5356e676c063f572e694074e97383ad631033632bf50a86e471ce
lse-f-91,tight,0,TBR,2000,114,15,19,4,124,3048,-24681,63922,-0.38611119802259003,23.6951577402788,102,6,2,4,0,3,58.42,447.92,4.15,1,0933858568848131e9ac72df4bb27f01d0f836f5e385751a8f5681b5493f52b1
lse-f-91,tight,0,SINGLE,2000,111,15,21,6,111,2342,-21851,63922,-0.3418384906604925,24.862802641232577,105,0,0,6,0,1,55.22,100.31,3.98,1,fa9ead742fa197fbaefb47fb14429e914495e367843216d9319e9330b9baf7bf
lse-f-91,tight,0,ONE_BLOCKER,2000,112,15,20,5,118,2829,-26301,63922,-0.41145458527580486,23.001100513573,101,6,0,5,0,2,61.85,190.89,4.16,1,84fd488264339a192ebd444dd4556e85446380197708d1b552c6f00ad0dc8ad7
lse-f-91,tight,1,TBR,2000,122,16,19,3,127,2734,-19394,62743,-0.3091022106051671,24.96808510638298,114,5,0,3,0,2,60.07,215.27,4.29,1,eef4393946b434da6c20493475152fbb27f4b46b0a4de7e29a54afa8238ac1d6
lse-f-91,tight,1,SINGLE,2000,120,16,23,7,120,2347,-22356,62743,-0.35631066413783213,23.755685986793836,113,0,0,7,0,1,60.55,113.27,4.01,1,e02654ab617f5ee347cc2673386e2793795b7b55d043c6d884b1b5a7153de546
lse-f-91,tight,1,ONE_BLOCKER,2000,122,16,19,3,127,2734,-19394,62743,-0.3091022106051671,24.96808510638298,114,5,0,3,0,2,60.65,185.7,4.27,1,eef4393946b434da6c20493475152fbb27f4b46b0a4de7e29a54afa8238ac1d6
lse-f-91,tight,2,TBR,2000,99,16,20,4,106,2688,-20516,59061,-0.3473696686476694,22.397652237710933,89,5,1,4,0,3,58.81,419.78,4.02,1,f53baed37a8fd615761a9cf5a5c09c1b95773b0584a904b9082bdd2fb2224007
lse-f-91,tight,2,SINGLE,2000,97,16,23,7,97,2369,-20866,59061,-0.35329574507712364,22.173881144534114,90,0,0,7,0,1,60.64,114.37,3.92,1,405b4f0e65beb07ca2c17c640767560b030ead73a3ecac14d72f0e50b21f11f1
lse-f-91,tight,2,ONE_BLOCKER,2000,99,16,19,3,104,2808,-18036,59061,-0.3053791842332504,23.480557593543654,91,5,0,3,0,2,57.42,203.21,4.02,1,3abf3e18388b1b4bd72ee2c535a9a3d0bf584f6b2b6da8f4ffb52b8b0f25d094
lse-f-91,tight,3,TBR,2000,108,15,19,4,116,2902,-22551,59395,-0.37967842410977354,22.224137931034484,97,6,1,4,0,3,59.51,366.09,3.96,1,f39b902f0a134ddbae5d497e0d3d702833db1304709cf6db2f445a741834b1e3
lse-f-91,tight,3,SINGLE,2000,104,15,21,6,104,2606,-25683,59395,-0.43241013553329405,20.843360234776227,98,0,0,6,0,1,58.93,105.45,3.9,1,33917a2e02603551eab3afcd82fd7979abc46b214095cb653a2372b2601495d9
lse-f-91,tight,3,ONE_BLOCKER,2000,108,15,19,4,113,2733,-23503,59395,-0.39570670931896623,21.828686720469552,99,5,0,4,0,2,58.13,179.17,4.06,1,6b934747f5921107c0125845176b488cf88ad2c2005fee315e8757c5d2da541f
lse-f-91,tight,4,TBR,2000,106,17,19,2,123,2681,-15557,56957,-0.27313587443158877,23.31107850330154,93,9,2,2,0,5,62.91,321.19,4.03,1,e6007c2b07882f12e863fd44d8298fb418359f77137a89e58de402882b08fd95
lse-f-91,tight,4,SINGLE,2000,100,17,23,6,100,2434,-21257,56957,-0.37321136998086274,21.063096111518707,94,0,0,6,0,1,60.74,125.16,3.91,1,4cd6b44c49d358241abfad78c74dac4a6550d587e53a3805fa10ce785090c6ee
lse-f-91,tight,4,ONE_BLOCKER,2000,104,17,20,3,112,2421,-16958,56957,-0.29773337781133136,22.76265590608951,93,8,0,3,0,2,63.21,213.64,4.04,1,dd93c3b26d6d76a9964005d007c91b55e94296e1efff433b039e5b30cc3dd508
pur-s-93,tight,0,TBR,2000,90,33,36,3,90,3846,-29305,512488,-0.05718182669642997,16.650238103166938,87,0,0,3,0,1,130.95,407.02,6.63,1,8b3b69a1484481f2cec8e9e967943ade0f43cde23ae1ddc0703f384e3298ca12
pur-s-93,tight,0,SINGLE,2000,90,33,36,3,90,3846,-29305,512488,-0.05718182669642997,16.650238103166938,87,0,0,3,0,1,129.31,328.54,6.66,1,8b3b69a1484481f2cec8e9e967943ade0f43cde23ae1ddc0703f384e3298ca12
pur-s-93,tight,0,ONE_BLOCKER,2000,90,33,36,3,90,3846,-29305,512488,-0.05718182669642997,16.650238103166938,87,0,0,3,0,1,138.96,390.69,6.79,1,8b3b69a1484481f2cec8e9e967943ade0f43cde23ae1ddc0703f384e3298ca12
pur-s-93,tight,1,TBR,2000,105,34,38,4,106,4028,-27386,482949,-0.05670578052755053,15.702987112457958,100,1,0,4,0,2,152.12,602.0,6.83,1,54c03e5f72ff3b3db9215d8c9fb7dfafadfb427216bbbb471f6cf7b2417a87fe
pur-s-93,tight,1,SINGLE,2000,103,34,37,3,103,4372,-27148,482949,-0.056212974868982024,15.710379966032836,100,0,0,3,0,1,140.4,328.74,6.88,1,b8a8777adad45d5c91350b436d22f6e2925e2068ffe0e5299a9bae43f1450d5f
pur-s-93,tight,1,ONE_BLOCKER,2000,105,34,38,4,106,4028,-27386,482949,-0.05670578052755053,15.702987112457958,100,1,0,4,0,2,142.9,589.25,7.02,1,54c03e5f72ff3b3db9215d8c9fb7dfafadfb427216bbbb471f6cf7b2417a87fe
pur-s-93,tight,2,TBR,2000,106,34,37,3,112,5283,-35489,493162,-0.07196215442390128,15.79166805421426,100,1,2,3,0,4,139.18,781.11,6.93,1,4a89ff6cdb19a6eb525e00a034bcf4837cacdfec76559d93d478219dbe3f5ebf
pur-s-93,tight,2,SINGLE,2000,106,34,40,6,106,5041,-36767,493162,-0.07455359496473775,15.749342302440974,100,0,0,6,0,1,127.25,370.4,6.51,1,8f399b20dbb712dd39708d51b0c2a6eaa753eb53491a97caddc13885d1695499
pur-s-93,tight,2,ONE_BLOCKER,2000,105,34,38,4,107,5054,-37290,493162,-0.07561409840985316,15.73079356621932,99,2,0,4,0,2,133.05,604.63,6.63,1,ad4e32aa8346b5be31cdd97d2182d8986d1f9bbfcede62b5cc6eb12a40e3da4e
pur-s-93,tight,3,TBR,2000,115,34,36,2,118,4440,-24282,494788,-0.04907556367575608,16.21405974224916,111,1,1,2,0,3,135.96,406.39,6.41,1,12bc962c6d8f7400cac96061a5a1d5bdf28d8896e99cee5a08814c4680a7df43
pur-s-93,tight,3,SINGLE,2000,114,34,37,3,114,4104,-26361,494788,-0.05327736323435492,16.144560258416863,111,0,0,3,0,1,127.66,321.75,6.47,1,9c63648ddccb99f657fb1330cad22635048a230deec4fad56d0bd3153e972a5c
pur-s-93,tight,3,ONE_BLOCKER,2000,114,34,36,2,115,4122,-24975,494788,-0.05047616352862236,16.191514868960006,111,1,0,2,0,2,129.94,373.13,6.56,1,45ba1cbd8e279374d20f086af11d3d414857c35e5cc05917c66248fa8710947e
pur-s-93,tight,4,TBR,2000,96,33,34,1,96,3406,-24482,498925,-0.049069499423761084,16.33933863931533,95,0,0,1,0,1,118.54,250.7,6.45,1,09f20358ef757038e869f28ac41dd4fd4387387e19a294aa81dbb0708e941b57
pur-s-93,tight,4,SINGLE,2000,96,33,34,1,96,3406,-24482,498925,-0.049069499423761084,16.33933863931533,95,0,0,1,0,1,119.58,252.5,6.5,1,09f20358ef757038e869f28ac41dd4fd4387387e19a294aa81dbb0708e941b57
pur-s-93,tight,4,ONE_BLOCKER,2000,96,33,34,1,96,3406,-24482,498925,-0.049069499423761084,16.33933863931533,95,0,0,1,0,1,119.07,262.15,6.5,1,09f20358ef757038e869f28ac41dd4fd4387387e19a294aa81dbb0708e941b57
rye-s-93,tight,0,TBR,2000,32,22,22,0,32,2235,-24919,357742,-0.06965634451643922,31.9206653313594,32,0,0,0,0,1,67.86,185.0,4.67,1,52b6f3e98175c61aa70a4b24090f053f411355cdbdcc0584ad245dfaa069afc7
rye-s-93,tight,0,SINGLE,2000,32,22,22,0,32,2235,-24919,357742,-0.06965634451643922,31.9206653313594,32,0,0,0,0,1,67.79,188.88,4.44,1,52b6f3e98175c61aa70a4b24090f053f411355cdbdcc0584ad245dfaa069afc7
rye-s-93,tight,0,ONE_BLOCKER,2000,32,22,22,0,32,2235,-24919,357742,-0.06965634451643922,31.9206653313594,32,0,0,0,0,1,71.09,186.7,4.7,1,52b6f3e98175c61aa70a4b24090f053f411355cdbdcc0584ad245dfaa069afc7
rye-s-93,tight,1,TBR,2000,31,22,24,2,33,2711,-32343,342697,-0.0943778323125093,29.8413306627188,27,2,0,2,0,2,119.28,950.29,4.56,1,c3c187dd9128a4ebcd6a4b65c26d8fab8ec3feb9b1c8365f65b0cc4c8dfed4b6
rye-s-93,tight,1,SINGLE,2000,31,22,25,3,31,1734,-26350,342697,-0.07689008074187985,30.402682225899156,28,0,0,3,0,1,88.73,234.03,4.5,1,74796842d359d462508837c0afc3ed208eb1478ecf981277230cdeeb8dfd07eb
rye-s-93,tight,1,ONE_BLOCKER,2000,31,22,24,2,33,2711,-32343,342697,-0.0943778323125093,29.8413306627188,27,2,0,2,0,2,119.23,314.53,4.75,1,c3c187dd9128a4ebcd6a4b65c26d8fab8ec3feb9b1c8365f65b0cc4c8dfed4b6
rye-s-93,tight,2,TBR,2000,43,22,22,0,48,3435,-33298,347860,-0.09572241706433622,30.250457197596447,40,2,1,0,0,4,76.26,300.16,4.73,1,af82ca965bd63e0ad056cc659ff2751bd90ab9c7db932d03e26018b0c1d82fe4
rye-s-93,tight,2,SINGLE,2000,43,22,25,3,43,2479,-35287,347860,-0.10144023457712872,30.08551772184969,40,0,0,3,0,1,95.69,211.22,4.61,1,764d812813d578a236a65b2c07eb1500dde9b44072f6f39323a72d5a93e3c966
rye-s-93,tight,2,ONE_BLOCKER,2000,43,22,23,1,45,3195,-33391,347860,-0.09598976599781521,30.2423582687451,40,2,0,1,0,2,86.77,296.61,4.71,1,3234879e43742e6cdcd84030bd5f4600d9609ca39266a38a49cd1e65f5d359ba
rye-s-93,tight,3,TBR,2000,35,22,22,0,35,1968,-24627,347966,-0.0707741560957105,31.05259949490551,35,0,0,0,0,1,112.23,280.71,4.58,1,bfab3508da73de8e86227e1022088cd41942cadd3fbbcc95bdac4dd1bb89bf51
rye-s-93,tight,3,SINGLE,2000,35,22,22,0,35,1968,-24627,347966,-0.0707741560957105,31.05259949490551,35,0,0,0,0,1,97.8,257.6,4.45,1,bfab3508da73de8e86227e1022088cd41942cadd3fbbcc95bdac4dd1bb89bf51
rye-s-93,tight,3,ONE_BLOCKER,2000,35,22,22,0,35,1968,-24627,347966,-0.0707741560957105,31.05259949490551,35,0,0,0,0,1,100.61,255.23,4.54,1,bfab3508da73de8e86227e1022088cd41942cadd3fbbcc95bdac4dd1bb89bf51
rye-s-93,tight,4,TBR,2000,25,22,22,0,26,1328,-17702,331458,-0.05340646477080052,30.109901593660194,24,1,0,0,0,2,82.73,289.91,4.66,1,4158b99b2ddaa64be439538ac534f5d6a163d2983026307de5069f2a65a0e3ab
rye-s-93,tight,4,SINGLE,2000,25,22,23,1,25,1281,-18361,331458,-0.05539465030260244,30.049812766698597,24,0,0,1,0,1,77.8,265.6,4.68,1,fb9246ec94dfb637c6cd239af2455023833df867d40ec1cfbd3df563c1034285
rye-s-93,tight,4,ONE_BLOCKER,2000,25,22,22,0,26,1328,-17702,331458,-0.05340646477080052,30.109901593660194,24,1,0,0,0,2,82.04,279.0,4.69,1,4158b99b2ddaa64be439538ac534f5d6a163d2983026307de5069f2a65a0e3ab
sta-f-83,tight,0,TBR,2000,15,12,13,1,15,139,-579,52076,-0.011118365465857592,198.25204582651392,14,0,0,1,0,1,34.93,244.67,4.42,1,af9c921f0846f66f37f86a71fcd87568ee536adb3011460ff66d023ec4d7ab5f
sta-f-83,tight,0,SINGLE,2000,15,12,13,1,15,139,-579,52076,-0.011118365465857592,198.25204582651392,14,0,0,1,0,1,33.02,62.35,4.35,1,af9c921f0846f66f37f86a71fcd87568ee536adb3011460ff66d023ec4d7ab5f
sta-f-83,tight,0,ONE_BLOCKER,2000,15,12,13,1,15,139,-579,52076,-0.011118365465857592,198.25204582651392,14,0,0,1,0,1,32.91,95.17,4.48,1,af9c921f0846f66f37f86a71fcd87568ee536adb3011460ff66d023ec4d7ab5f
sta-f-83,tight,1,TBR,2000,12,12,13,1,12,148,-1077,52575,-0.020485021398002852,199.36006546644845,11,0,0,1,0,1,39.5,299.07,4.31,1,72da068f1b78cda8204f93ffde2c3b77555e343eb0b6c1984e973c5fd5fcc3c5
sta-f-83,tight,1,SINGLE,2000,12,12,13,1,12,148,-1077,52575,-0.020485021398002852,199.36006546644845,11,0,0,1,0,1,40.36,63.17,4.28,1,72da068f1b78cda8204f93ffde2c3b77555e343eb0b6c1984e973c5fd5fcc3c5
sta-f-83,tight,1,ONE_BLOCKER,2000,12,12,13,1,12,148,-1077,52575,-0.020485021398002852,199.36006546644845,11,0,0,1,0,1,38.66,134.31,4.44,1,72da068f1b78cda8204f93ffde2c3b77555e343eb0b6c1984e973c5fd5fcc3c5
sta-f-83,tight,2,TBR,2000,11,12,13,1,12,166,-972,52941,-0.018360061200204,199.87397708674305,9,1,0,1,0,2,53.15,386.12,4.48,1,aa85f0eee2554acb262982a92b3025330fef80b74c46d9b763cd34eb89acf2e8
sta-f-83,tight,2,SINGLE,2000,11,12,14,2,11,155,-1227,52941,-0.02317674392247974,199.3142389525368,9,0,0,2,0,1,42.69,111.4,4.54,1,5bf59bf037dc92d0dae0e7b7cb0edf9f2714a1e75d55975206db1e101cb5f16f
sta-f-83,tight,2,ONE_BLOCKER,2000,11,12,13,1,12,166,-972,52941,-0.018360061200204,199.87397708674305,9,1,0,1,0,2,55.4,177.0,4.55,1,aa85f0eee2554acb262982a92b3025330fef80b74c46d9b763cd34eb89acf2e8
sta-f-83,tight,3,TBR,2000,18,12,13,1,18,175,-1670,53586,-0.03116485649236741,201.64320785597383,17,0,0,1,0,1,39.89,156.89,4.42,1,11af0dd95b0509679feeddf1a0d34ecc080b5f44c15a4ff0ca376f0d57cc7c04
sta-f-83,tight,3,SINGLE,2000,18,12,13,1,18,175,-1670,53586,-0.03116485649236741,201.64320785597383,17,0,0,1,0,1,37.86,64.43,4.34,1,11af0dd95b0509679feeddf1a0d34ecc080b5f44c15a4ff0ca376f0d57cc7c04
sta-f-83,tight,3,ONE_BLOCKER,2000,18,12,13,1,18,175,-1670,53586,-0.03116485649236741,201.64320785597383,17,0,0,1,0,1,36.68,95.99,4.45,1,11af0dd95b0509679feeddf1a0d34ecc080b5f44c15a4ff0ca376f0d57cc7c04
sta-f-83,tight,4,TBR,2000,10,12,13,1,10,129,-863,54098,-0.015952530592628193,203.4926350245499,9,0,0,1,0,1,45.56,367.92,4.36,1,33af9d03c07f77ad7c3f62abd83096e155892a3efae46777b7fcaa1052136926
sta-f-83,tight,4,SINGLE,2000,10,12,13,1,10,129,-863,54098,-0.015952530592628193,203.4926350245499,9,0,0,1,0,1,40.86,85.29,4.3,1,33af9d03c07f77ad7c3f62abd83096e155892a3efae46777b7fcaa1052136926
sta-f-83,tight,4,ONE_BLOCKER,2000,10,12,13,1,10,129,-863,54098,-0.015952530592628193,203.4926350245499,9,0,0,1,0,1,39.07,129.74,4.45,1,33af9d03c07f77ad7c3f62abd83096e155892a3efae46777b7fcaa1052136926
tre-s-92,tight,0,TBR,2000,76,19,23,4,86,3322,-14158,57686,-0.24543216725028602,14.025458715596331,63,8,1,4,0,3,71.29,767.17,3.69,1,60398c3d52cde11b5334b9ccbefc53d6a41d9aa613c7c50bd01c36b27285eda1
tre-s-92,tight,0,SINGLE,2000,71,19,26,7,71,2514,-16937,57686,-0.2936067676732656,13.346330275229358,64,0,0,7,0,1,70.19,152.38,3.68,1,528cd1c26554b438a915ad75b91df7ddbc7e01d75f3cc9be9c77feb5920cf690
tre-s-92,tight,0,ONE_BLOCKER,2000,73,19,24,5,78,3019,-14541,57686,-0.2520715598238741,13.94105504587156,63,5,0,5,0,2,71.71,280.91,3.68,1,bf1c5e534580f0f72f2db915b672983cddf365dfa195bb615db4fcb5a5690fd8
tre-s-92,tight,1,TBR,2000,85,19,24,5,94,3842,-13360,57242,-0.2333950595716432,13.842201834862385,71,9,0,5,0,2,70.42,903.71,3.7,1,233931179ca9647d5c5194b094ae4e424ac58c905eab29240354bb66909c05ee
tre-s-92,tight,1,SINGLE,2000,88,19,27,8,88,3595,-17645,57242,-0.30825268159742847,12.75137614678899,80,0,0,8,0,1,67.55,139.66,3.64,1,c34585861d1b1eebfe9bc7a8f4c27c1df5dadcdd94b90c1a35acd27a72027695
tre-s-92,tight,1,ONE_BLOCKER,2000,85,19,24,5,94,3842,-13360,57242,-0.2333950595716432,13.842201834862385,71,9,0,5,0,2,70.14,242.56,3.72,1,233931179ca9647d5c5194b094ae4e424ac58c905eab29240354bb66909c05ee
tre-s-92,tight,2,TBR,2000,79,22,23,1,92,3503,-9610,58885,-0.16319945656788656,15.45665137614679,68,9,1,1,0,5,88.93,347.48,3.68,1,35f1adb91d6f865b90d8fed4e3ec50790fed3b8d1bb1d920db67aa983db22977
tre-s-92,tight,2,SINGLE,2000,82,22,27,5,82,3012,-12818,58885,-0.2176785259403923,14.53302752293578,77,0,0,5,0,1,88.12,158.97,3.68,1,ca6c50226d9afb594d193a8643b9451ed43d3c0e94e2c6e5a043108ccbe7d297
tre-s-92,tight,2,ONE_BLOCKER,2000,78,22,24,2,87,3264,-10201,58885,-0.1732359684130084,15.311238532110092,67,9,0,2,0,2,85.41,309.31,3.73,1,93a38a91bd1c1fbcbb14f691ed02ce1c050c7dc2ff3a70c198ac9f217c1325d4
tre-s-92,tight,3,TBR,2000,73,20,24,4,77,2995,-14198,57936,-0.24506351836509252,13.909174311926606,65,4,0,4,0,2,88.62,706.64,3.67,1,7bc5674df6731bd97fdb89766cd4fadddbd9be660acefe1365966b7311859a96
tre-s-92,tight,3,SINGLE,2000,71,20,26,6,71,2805,-16223,57936,-0.2800158795912731,13.397935779816514,65,0,0,6,0,1,83.81,149.0,3.62,1,f5f552bb9701071c24011dfbef1a024a943efd93b8c7743d7bfeb92f30830e0f
tre-s-92,tight,3,ONE_BLOCKER,2000,73,20,24,4,77,2995,-14198,57936,-0.24506351836509252,13.909174311926606,65,4,0,4,0,2,83.86,228.22,3.7,1,7bc5674df6731bd97fdb89766cd4fadddbd9be660acefe1365966b7311859a96
tre-s-92,tight,4,TBR,2000,80,19,25,6,84,3886,-19680,60120,-0.3273453093812375,13.078211009174312,70,4,0,6,0,2,79.47,1196.13,3.75,1,a3198e2ac66ba4f66dbcec1d1a9e7a335689303dff429b0b12afae3178dbf596
tre-s-92,tight,4,SINGLE,2000,77,19,27,8,77,3280,-17592,60120,-0.29261477045908185,13.654128440366973,69,0,0,8,0,1,87.1,152.82,3.99,1,4251f86880b7472a63b936c0af6c3b64df894a6704ad9edb16cee2edbb0fc60d
tre-s-92,tight,4,ONE_BLOCKER,2000,80,19,25,6,84,3886,-19680,60120,-0.3273453093812375,13.078211009174312,70,4,0,6,0,2,113.22,375.26,5.63,1,a3198e2ac66ba4f66dbcec1d1a9e7a335689303dff429b0b12afae3178dbf596
uta-s-92,tight,0,TBR,2000,70,31,36,5,71,5202,-20054,173786,-0.11539479589840379,7.812517633781623,64,1,0,5,0,2,135.8,2640.45,4.78,1,7f1d408699816976d4fd3e320fb0666c222bb7e1798558d6526ab45e61d3ecc6
uta-s-92,tight,0,SINGLE,2000,70,31,37,6,70,5082,-20676,173786,-0.11897391044157757,7.783645255337158,64,0,0,6,0,1,122.35,285.07,4.49,1,154975f2762278b86264372c1d36678d6286aba7c53416ae032b0ca5b3a3ccc5
uta-s-92,tight,0,ONE_BLOCKER,2000,70,31,36,5,71,5202,-20054,173786,-0.11539479589840379,7.812517633781623,64,1,0,5,0,2,135.13,447.47,4.61,1,7f1d408699816976d4fd3e320fb0666c222bb7e1798558d6526ab45e61d3ecc6
uta-s-92,tight,1,TBR,2000,59,31,35,4,66,5037,-18627,157276,-0.11843510770874133,7.055299539170507,53,1,1,4,0,7,132.93,2901.15,4.7,1,819474c1a2b012dd04f0e39f7aaeecf78fac17da5eb9a6ef0cc884464cf6aa57
uta-s-92,tight,1,SINGLE,2000,58,31,35,4,58,4471,-19111,157276,-0.12151250031791246,7.031129502492242,54,0,0,4,0,1,117.5,265.7,4.65,1,6366cc379006b4b899eb34d7cd3f9368972aae6f5bdbb0c04a62646131582350
uta-s-92,tight,1,ONE_BLOCKER,2000,59,31,35,4,61,5273,-16682,157276,-0.10606831302932425,7.147841625129314,53,2,0,4,0,2,122.27,443.94,4.61,1,e28f65b4c1961118b5e2dbb7c13ff01140f76ca0a605355bd987f8110e6ab154
uta-s-92,tight,2,TBR,2000,61,31,34,3,64,4473,-12327,159500,-0.07728526645768025,7.507852910749553,55,3,0,3,0,2,130.75,852.03,4.59,1,15f86cf545a676991a74b0c1328f4b61b83b5994b97045eb0bf4887c1c3c4231
uta-s-92,tight,2,SINGLE,2000,62,31,35,4,62,4360,-14705,159500,-0.09219435736677116,7.388272359635098,58,0,0,4,0,1,124.07,233.94,4.63,1,ba09be69b3125b3738fbde09ea382891a154601cb30f8fcbc84ac8b6bf1bf711
uta-s-92,tight,2,ONE_BLOCKER,2000,61,31,34,3,64,4473,-12327,159500,-0.07728526645768025,7.507852910749553,55,3,0,3,0,2,126.54,462.09,4.62,1,15f86cf545a676991a74b0c1328f4b61b83b5994b97045eb0bf4887c1c3c4231
uta-s-92,tight,3,TBR,2000,79,30,33,3,85,6369,-16513,167720,-0.09845575959933223,7.719787454152168,70,6,0,3,0,2,132.41,537.24,4.72,1,904f24ddb27b44507ad13296a9f437369bb4ca4add62c69c5eb5b7b95f26ca39
uta-s-92,tight,3,SINGLE,2000,79,30,36,6,79,6036,-19564,167720,-0.11664679227283568,7.575801749271137,73,0,0,6,0,1,126.46,224.33,4.66,1,8756dca0939af053068c404acc343eee86980bd48324b282b35cb239ac71537f
uta-s-92,tight,3,ONE_BLOCKER,2000,79,30,33,3,85,6369,-16513,167720,-0.09845575959933223,7.719787454152168,70,6,0,3,0,2,129.75,483.08,4.64,1,904f24ddb27b44507ad13296a9f437369bb4ca4add62c69c5eb5b7b95f26ca39
uta-s-92,tight,4,TBR,2000,63,30,34,4,70,5889,-16771,159617,-0.10507026193951773,7.3047117464497315,52,7,0,4,0,2,139.64,2235.07,4.71,1,4ecddca42e0ff413cb53538d44043e724d3f9822a806719dabd0dd8580d368c1
uta-s-92,tight,4,SINGLE,2000,62,30,36,6,62,5261,-19925,159617,-0.12483006196081871,7.148217812470611,56,0,0,6,0,1,126.93,263.07,4.59,1,6e6cd4c7058624935a7698ccef5854681fd38ca700e249a4eb03935a9d312337
uta-s-92,tight,4,ONE_BLOCKER,2000,63,30,34,4,70,5889,-16771,159617,-0.10507026193951773,7.3047117464497315,52,7,0,4,0,2,138.74,606.45,4.9,1,4ecddca42e0ff413cb53538d44043e724d3f9822a806719dabd0dd8580d368c1
ute-s-92,tight,0,TBR,2000,22,9,10,1,24,1012,-17859,119376,-0.1496029352633695,55.53510367406329,19,2,0,1,0,2,39.14,165.62,3.42,1,112b18f87700d0301db3da56bd5eeb6a462b1e8eac878c25537d60bcfaedf8a1
ute-s-92,tight,0,SINGLE,2000,21,9,11,2,21,807,-19512,119376,-0.16344993968636912,54.91560567479083,19,0,0,2,0,1,41.62,68.1,3.39,1,8b47d5fae5cf3e96a52b244c9429a7d818377a0c8499f32703aa3468fead7f28
ute-s-92,tight,0,ONE_BLOCKER,2000,22,9,10,1,24,1012,-17859,119376,-0.1496029352633695,55.53510367406329,19,2,0,1,0,2,40.27,101.07,3.49,1,112b18f87700d0301db3da56bd5eeb6a462b1e8eac878c25537d60bcfaedf8a1
ute-s-92,tight,1,TBR,2000,26,9,10,1,26,1012,-20899,120464,-0.1734875149422234,54.74536194979993,25,0,0,1,0,1,40.31,74.57,3.45,1,8da91c6689c367907ecc5a806e7d0c4806a2c5e9b81072a7e1f818717d784d23
ute-s-92,tight,1,SINGLE,2000,26,9,10,1,26,1012,-20899,120464,-0.1734875149422234,54.74536194979993,25,0,0,1,0,1,40.19,76.47,3.43,1,8da91c6689c367907ecc5a806e7d0c4806a2c5e9b81072a7e1f818717d784d23
ute-s-92,tight,1,ONE_BLOCKER,2000,26,9,10,1,26,1012,-20899,120464,-0.1734875149422234,54.74536194979993,25,0,0,1,0,1,41.63,71.75,3.56,1,8da91c6689c367907ecc5a806e7d0c4806a2c5e9b81072a7e1f818717d784d23
ute-s-92,tight,2,TBR,2000,29,10,10,0,33,1433,-23938,118851,-0.20141185181445675,51.991633321207715,25,4,0,0,0,2,50.71,208.27,3.44,1,e5388e47329473a06d0962e4887303faba3f91861b3ed36e446f4b46fda4e4ae
ute-s-92,tight,2,SINGLE,2000,29,10,11,1,29,1315,-28174,118851,-0.23705311692791814,50.23717715532921,28,0,0,1,0,1,53.29,77.73,3.43,1,4f0e9ca8321409cd455b05f0ff38e8f668504c9fcd2c7903595bc8702efbb509
ute-s-92,tight,2,ONE_BLOCKER,2000,29,10,10,0,33,1433,-23938,118851,-0.20141185181445675,51.991633321207715,25,4,0,0,0,2,50.98,204.7,3.51,1,e5388e47329473a06d0962e4887303faba3f91861b3ed36e446f4b46fda4e4ae
ute-s-92,tight,3,TBR,2000,30,10,10,0,32,1588,-26805,123603,-0.21686366835756413,53.04765369225173,28,2,0,0,0,2,60.05,110.73,3.57,1,f5bc8cf73d318066e06f715b0765862c2b7d7165481f96d3770693b423a55c8d
ute-s-92,tight,3,SINGLE,2000,30,10,12,2,30,1443,-30580,123603,-0.24740499826056,51.45834849036013,28,0,0,2,0,1,59.97,95.49,3.57,1,7abaa5c38c030cf1f94ab00f8b7a85c1068c34e46eb50f7d73aadf2c49c8a9d7
ute-s-92,tight,3,ONE_BLOCKER,2000,30,10,10,0,32,1588,-26805,123603,-0.21686366835756413,53.04765369225173,28,2,0,0,0,2,59.05,96.02,3.58,1,f5bc8cf73d318066e06f715b0765862c2b7d7165481f96d3770693b423a55c8d
ute-s-92,tight,4,TBR,2000,24,11,11,0,25,1466,-24108,110672,-0.21783287552407113,48.33248453983266,23,1,0,0,0,2,54.85,114.38,3.55,1,64349ba4a6e6b00c4d486b5b5f666ae7faab0d5e538a19a4fe5d651fa675c803
ute-s-92,tight,4,SINGLE,2000,24,11,12,1,24,1419,-26271,110672,-0.23737711435593464,47.424518006547835,23,0,0,1,0,1,52.35,93.39,3.5,1,e6424e4a95ad0f8e58b37654dec382d687a0007dfeb8b966b70674fe39cec17a
ute-s-92,tight,4,ONE_BLOCKER,2000,24,11,11,0,25,1466,-24108,110672,-0.21783287552407113,48.33248453983266,23,1,0,0,0,2,52.05,103.34,3.52,1,64349ba4a6e6b00c4d486b5b5f666ae7faab0d5e538a19a4fe5d651fa675c803
yor-f-83,tight,0,TBR,2000,127,15,23,8,172,3524,-18847,34014,-0.5540953724936791,49.311370882040386,87,28,4,8,0,6,88.51,939.28,4.31,1,68977e5c233d06476c0ad583fb730d3f3503634a78076fa1dedd1fb04de4b5fc
yor-f-83,tight,0,SINGLE,2000,115,15,27,12,115,2285,-19439,34014,-0.5714999706003411,47.255047821466526,103,0,0,12,0,1,66.66,122.43,4.21,1,110c539805bccbfd4011397fb6f1bc65f0d4e8f13af8d5b16ef8414cef0452fd
yor-f-83,tight,0,ONE_BLOCKER,2000,124,15,25,10,141,2960,-20130,34014,-0.5918151349444346,48.48565356004251,97,17,0,10,0,2,72.05,252.17,4.37,1,7ad04ae008090575fdd0485689e8b85e83e3cda03d0d22c09c7b52e2411f1754
yor-f-83,tight,1,TBR,2000,135,16,25,9,181,3893,-17172,32569,-0.5272498388037704,48.00531349628055,96,24,6,9,0,6,71.99,1019.19,4.31,1,9770052b10f1de7bb3e9129e0b773a7d3f47edde942631290cfef20b3381054a
yor-f-83,tight,1,SINGLE,2000,121,16,29,13,121,2365,-19531,32569,-0.5996806779452853,43.28480340063762,108,0,0,13,0,1,74.49,125.22,4.25,1,aa6f3a8208f4707ba4a669bfd30a4578b05f494502ee70c12107be471aff11c3
yor-f-83,tight,1,ONE_BLOCKER,2000,126,16,24,8,151,3048,-18330,32569,-0.5628051214344929,45.688629117959614,93,25,0,8,0,2,73.73,318.05,4.27,1,a3c100f7f791240b952a7934908f4f6c57a58b262ef1723f10c9ce45553ca47d
yor-f-83,tight,2,TBR,2000,111,15,23,8,144,2870,-17385,33456,-0.5196377331420373,50.724760892667376,72,29,2,8,0,3,101.96,1013.94,4.55,1,79a104d80f02706b179aac475b29eb8141fffb2fc873665917d4819a7caf0911
yor-f-83,tight,2,SINGLE,2000,103,15,27,12,103,1984,-18360,33456,-0.5487804878048781,47.855472901168966,91,0,0,12,0,1,67.47,133.76,4.48,1,a8a15dfe69fb46bb44afc89847589ca8e70bdd3bee979d5ab0e9ef853ffd0148
yor-f-83,tight,2,ONE_BLOCKER,2000,103,15,24,9,125,2309,-15972,33456,-0.47740315638450503,52.30074388947928,72,22,0,9,0,2,96.96,344.01,4.57,1,b4d25e4924226d2a76da4ef420c9b24ed4e502c73a4ecaa0cb486e9871f9f410
yor-f-83,tight,3,TBR,2000,133,15,23,8,162,3190,-16629,33374,-0.4982621202133397,49.51222104144527,102,20,3,8,0,6,76.93,911.28,4.22,1,1c0f15759b4b61761caf0610d41d3e0989328e87bde6d8a45d3e407876b17be8
yor-f-83,tight,3,SINGLE,2000,114,15,28,13,114,2023,-17619,33374,-0.5279259303649547,46.727948990435706,101,0,0,13,0,1,71.25,121.44,4.14,1,8219091dbf3085016bcf2dca6befbb69df0944bac940174a44e40f0a3b61dfaa
yor-f-83,tight,3,ONE_BLOCKER,2000,134,15,23,8,155,3063,-16312,33374,-0.4887637082759034,49.87672688629118,105,21,0,8,0,2,74.74,259.33,4.3,1,7ded58914a1fdd51cd08ac0712a025c3ee36de7f9a7211d5e0115096088fd51d
yor-f-83,tight,4,TBR,2000,102,16,24,8,125,2778,-17021,33317,-0.5108803313623675,51.05313496280553,75,16,3,8,0,4,84.53,1005.69,4.21,1,4b2dbfcea665de8a2c9b96c406d58c4846cead91266702a741a6803e002cfe32
yor-f-83,tight,4,SINGLE,2000,108,16,28,12,108,2187,-18356,33317,-0.5509499654830867,49.00850159404889,96,0,0,12,0,1,72.71,126.08,4.12,1,88c2d8f4c909de547d4ea6182a594dea8b33b59f3fd4506db5067c5d81d561c3
yor-f-83,tight,4,ONE_BLOCKER,2000,112,16,24,8,131,2652,-14582,33317,-0.43767446048563796,53.17321997874601,85,19,0,8,0,2,82.86,269.47,4.27,1,b1d441abfb85334d6c8d17c8e365739bf8b1a7ad4f23c7c24952221069c2762c
