instance,condition,seed,method,T,clash_events,k0,k_final,periods_added,total_D,total_W,cum_dP_raw,P0_raw,rel_repair_dP,P_final,n_single,n_double,n_kempe,n_search,n_new,search_exhausted,n_recompute,max_D,lat_clash_median_us,lat_clash_p95_us,lat_all_median_us,valid,hash
car-f-92,tight,0,TBRPLUS,2000,56,28,31,3,71,6181,-18286,178953,-0.10218325482109827,9.496063847114392,45,3,0,5,3,3,0,4,125.68,36170.88,5.38,1,3ebe457f35469ce602ca6ded3e309e4ea98e4aa1fd42dfb7a0f2596e76b932fc
car-f-92,tight,1,TBRPLUS,2000,71,28,31,3,91,7636,-24708,187537,-0.13175000133307027,9.609913676095337,56,5,1,6,3,4,0,4,105.14,36051.14,5.14,1,7b50f28fecdc638bb183ee1c5846629843cfe156722d092cfe087c1aed310151
car-f-92,tight,2,TBRPLUS,2000,58,28,30,2,80,7961,-21069,175982,-0.11972247161641532,9.11873608773549,44,6,1,5,2,2,0,4,134.51,35519.63,5.6,1,4e48add7e01bef244a69bf71e3df29378cd032b189a477c98c36b0c2000ade9a
car-f-92,tight,3,TBRPLUS,2000,50,28,30,2,54,4101,-14471,175299,-0.08255038534161632,9.476790270915902,44,4,0,0,2,2,0,2,112.97,618.81,5.08,1,265bad6f80472b736c4fd84c1fa6cbb3be55c9c1aca2fd6e944f686173a0859e
car-f-92,tight,4,TBRPLUS,2000,53,29,31,2,75,6786,-23955,169210,-0.14156964718397258,8.554970410988654,38,7,0,6,2,3,0,4,146.95,49371.55,5.17,1,1453b806781f255eb3544bc8909afb161f9b85cbba9392b5b855bff38f69424a
car-s-91,tight,0,TBRPLUS,2000,73,30,34,4,106,8491,-35704,204155,-0.1748867282212045,10.83125553914328,53,7,0,9,4,7,0,5,180.03,53639.1,5.71,1,4fa4c2f4ab0747436f98b62216015f174f58e8885ebf4f48d12752011dc0baac
car-s-91,tight,1,TBRPLUS,2000,70,29,33,4,86,6847,-21999,201265,-0.1093036543860085,11.431964549483013,54,8,0,4,4,4,0,3,125.22,38166.28,5.62,1,18992af3c4fd59027883134c846d80f15a2363a0ab334b45137fbc7224fa0431
car-s-91,tight,2,TBRPLUS,2000,75,31,34,3,109,8726,-26493,192310,-0.13776194685663773,10.684194977843427,53,8,0,11,3,6,0,4,182.83,55868.97,5.74,1,43d3779931b287bd8bf361bd31ed8c21a182c0e7dd6a136ed9ce8bd3795848eb
car-s-91,tight,3,TBRPLUS,2000,69,31,33,2,95,7637,-26844,203498,-0.13191284435227865,11.292525849335302,52,7,0,8,2,4,0,4,136.51,45296.67,5.7,1,7a78594bb2fa32cefb50ed20e092b038eb4a5f7b526593eb93dc9ec0f6c15af3
car-s-91,tight,4,TBRPLUS,2000,91,31,34,3,127,9026,-26162,194184,-0.13472788695258106,10.756927621861152,68,11,0,9,3,6,0,5,149.86,46465.91,5.97,1,9e9865d287f4cb42f462c5c3a6e8eaa4a34b6a4cd90527f7a2740a6e705d9aaa
ear-f-83,tight,0,TBRPLUS,2000,86,18,23,5,126,3462,-16926,52729,-0.3209998293159362,60.46222222222222,60,8,0,13,5,8,0,4,78.26,26238.39,4.92,1,351924f5eaf85a3a69b0f858888fa35aa3c1de1259555de2e8a5ca0f02a35443
ear-f-83,tight,1,TBRPLUS,2000,87,19,24,5,131,4818,-18432,52976,-0.34793113862881303,60.404444444444444,59,9,0,14,5,8,0,5,78.41,26275.76,4.76,1,fc2066de7a5013de8983e69c11ac25d351740aef44295549ce42895a081c56b4
ear-f-83,tight,2,TBRPLUS,2000,88,18,25,7,145,4477,-25338,56277,-0.4502372194679887,56.632,53,9,0,19,7,13,0,5,97.08,28059.27,5.28,1,2fee4112b843b03ca9bc51b00e852ad04b59c742f41f630c07d67317e44eb839
ear-f-83,tight,3,TBRPLUS,2000,74,19,26,7,95,2964,-21602,53447,-0.4041760996875409,56.81422222222222,53,8,0,6,7,7,0,4,90.22,27958.83,4.99,1,bf15104742f9be613134af3d2d93c60d6c2218c59ae051d9a00fa06044b46e4c
ear-f-83,tight,4,TBRPLUS,2000,82,19,24,5,115,3938,-20103,55852,-0.3599333954021342,61.456,59,8,0,10,5,5,0,4,89.07,25344.98,5.05,1,4a5968dc0f1cd38c71ca11f146a4e64431e0f02d9fb00ec664146eca5d9a248e
hec-s-92,tight,0,TBRPLUS,2000,32,15,18,3,52,4261,-17484,54920,-0.318353969410051,22.707403471484238,15,9,1,4,3,4,0,4,137.86,16224.41,3.61,1,ac2795e05055b4fdee2dfcb4ee17872651a7ab2378c237f69f2bd950fd30e8df
hec-s-92,tight,1,TBRPLUS,2000,38,17,19,2,71,7621,-13578,49640,-0.2735294117647059,20.459086078639746,16,11,0,9,2,4,0,4,162.56,18825.93,3.71,1,e877a09e6a8d3b1585b6b3ccb72de02847dec14f41d7066c6fc7823b069a8aed
hec-s-92,tight,2,TBRPLUS,2000,33,15,19,4,49,4115,-19711,51885,-0.3798978510166715,19.710237336167197,18,7,0,4,4,5,0,4,107.04,19653.34,3.89,1,c8901b8e6fe972f39b89d5cf3286c85a32adfaa78780d2c1b36b4a6fbb721f9a
hec-s-92,tight,3,TBRPLUS,2000,36,16,18,2,59,4797,-23682,55165,-0.4292939363727001,19.335458731845556,18,10,1,5,2,3,0,4,130.33,15915.32,3.59,1,1e91102574e20986076e3a898c066638b0d4eb844873701969d4a31a6fce314b
hec-s-92,tight,4,TBRPLUS,2000,26,16,18,2,40,3835,-13698,50141,-0.2731896053130173,20.969535954658166,17,2,1,4,2,3,0,4,79.42,18034.46,3.66,1,30c32b1a996d00a25f71ebc7f8026f4ad6ceade102a71509cbee3e2aecf20d37
kfu-s-93,tight,0,TBRPLUS,2000,56,19,19,0,59,1287,-17537,218763,-0.08016437880263116,44.57169564404562,53,3,0,0,0,0,0,2,56.06,157.91,4.69,1,7f2213d27313027e4c4841464df31ccb51c8398be291b2587b98070838d4071b
kfu-s-93,tight,1,TBRPLUS,2000,56,19,20,1,58,1430,-15844,206398,-0.07676430973168345,42.32847261170312,53,2,0,0,1,1,0,2,54.03,165.21,4.75,1,2b4f00f7002d616303464cc5ee48c7f7a7780771658c453256d82752410d531f
kfu-s-93,tight,2,TBRPLUS,2000,62,18,19,1,64,1736,-23207,220140,-0.10541927864086491,43.96204898111797,59,2,0,0,1,1,0,2,57.66,180.39,4.82,1,d3b22deae7b41ed0fa62a23eb77a5293236772e65b2bebd0f66d97621fa644bf
kfu-s-93,tight,3,TBRPLUS,2000,61,20,20,0,65,2072,-21442,200541,-0.1069207792920151,39.97494858852122,60,0,0,1,0,1,0,5,63.41,145.55,4.81,1,954a023dcda29404ed52e9614bd596355b878c46fc74eb78b5a6ea02e6e1ae76
kfu-s-93,tight,4,TBRPLUS,2000,49,19,19,0,53,1098,-9815,215472,-0.04555116209994802,45.684987848195924,46,2,0,1,0,0,0,3,66.9,287.87,4.73,1,bab50cb6f4a78dcdc29c43b4b4f8de791ad354ae57f4a8ded68a1702d463d490
lse-f-91,tight,0,TBRPLUS,2000,113,15,18,3,133,2969,-19721,63922,-0.30851662964237664,25.805942773294205,96,9,0,5,3,4,0,4,62.8,3769.65,4.39,1,dbebd63c8786443bf183b14e1cd3df8c6963906dc77f056875bb1a24e020330d
lse-f-91,tight,1,TBRPLUS,2000,124,16,18,2,154,4096,-21161,62743,-0.33726471478890074,24.45487894350697,108,5,0,9,2,3,0,5,58.15,9876.17,4.41,1,09bf4894036aaef69a0a7fe31dcf2d9f51e8765015a510643a0f5e6cb946a673
lse-f-91,tight,2,TBRPLUS,2000,101,16,18,2,133,4051,-15274,59061,-0.25861397538138536,24.790168745414526,83,6,2,8,2,3,0,5,65.65,15502.37,4.39,1,8e58eea3d733d879fc5d4d3373c5128b996230aae7534fbac44179f1571acb4a
lse-f-91,tight,3,TBRPLUS,2000,114,15,19,4,138,4161,-23215,59395,-0.3908578163145046,21.939104915627293,95,9,0,6,4,6,0,4,63.13,14502.65,4.36,1,a2d96aceef55020fac8472447899fd5b6074779dbb91fbc9d8060996cc7233b8
lse-f-91,tight,4,TBRPLUS,2000,108,17,17,0,140,3300,-14788,56957,-0.2596344610846779,23.73294203961849,89,9,0,10,0,0,0,4,60.36,4812.7,4.28,1,625a8ae1c593afd6a7b3d70e0316b99a81adb5cc5835393bdb930454f25a7f64
pur-s-93,tight,0,TBRPLUS,2000,90,33,34,1,98,6236,-49265,512488,-0.09612908009553395,15.978087848413201,84,3,0,2,1,1,0,4,131.63,714.58,7.07,1,5749fdb24e425d3c06917b48de5da12773f6335dfb7a527e36d78acb910773c1
pur-s-93,tight,1,TBRPLUS,2000,104,34,35,1,114,5919,-27226,482949,-0.056374482605823804,15.710313363748377,97,2,0,4,1,1,0,3,134.72,1101.66,7.08,1,735a8d01559c71629d68e6c27a4f5d7636a61cff327606603d39bb81a89c9805
pur-s-93,tight,2,TBRPLUS,2000,107,34,36,2,121,5854,-35460,493162,-0.07190335021757556,15.789903093676113,98,2,0,5,2,2,0,4,132.49,24085.37,7.21,1,2e649d486c630a65adf475d9cd413f54be420bd2bd97daa0a0ee095b7134ad18
pur-s-93,tight,3,TBRPLUS,2000,114,34,35,1,119,4604,-24816,494788,-0.05015481377883053,16.196410136867694,110,1,0,2,1,1,0,3,131.04,401.92,7.22,1,759efae60f29198cfdb0c2654b80cd73823e1c4b7b3b1f988d4741ae17d2075e
pur-s-93,tight,4,TBRPLUS,2000,96,33,34,1,96,3406,-24482,498925,-0.049069499423761084,16.33933863931533,95,0,0,0,1,1,0,1,120.04,253.85,6.83,1,09f20358ef757038e869f28ac41dd4fd4387387e19a294aa81dbb0708e941b57
rye-s-93,tight,0,TBRPLUS,2000,32,22,22,0,32,2235,-24919,357742,-0.06965634451643922,31.9206653313594,32,0,0,0,0,0,0,1,74.76,192.96,4.81,1,52b6f3e98175c61aa70a4b24090f053f411355cdbdcc0584ad245dfaa069afc7
rye-s-93,tight,1,TBRPLUS,2000,31,22,23,1,35,2883,-32069,342697,-0.09357829219397894,29.864495340938777,27,2,0,1,1,1,0,3,125.44,6950.12,4.81,1,e68905be8268ec9a86f82b1e2d08207ead96b66fc1085debd8beb5dfdfae7126
rye-s-93,tight,2,TBRPLUS,2000,43,22,22,0,48,3435,-33298,347860,-0.09572241706433622,30.250457197596447,40,2,1,0,0,1,0,4,77.46,283.4,4.88,1,af82ca965bd63e0ad056cc659ff2751bd90ab9c7db932d03e26018b0c1d82fe4
rye-s-93,tight,3,TBRPLUS,2000,35,22,22,0,35,1968,-24627,347966,-0.0707741560957105,31.05259949490551,35,0,0,0,0,0,0,1,106.84,260.53,4.91,1,bfab3508da73de8e86227e1022088cd41942cadd3fbbcc95bdac4dd1bb89bf51
rye-s-93,tight,4,TBRPLUS,2000,25,22,22,0,26,1328,-17702,331458,-0.05340646477080052,30.109901593660194,24,1,0,0,0,0,0,2,83.71,310.19,4.67,1,4158b99b2ddaa64be439538ac534f5d6a163d2983026307de5069f2a65a0e3ab
sta-f-83,tight,0,TBRPLUS,2000,15,12,13,1,15,139,-579,52076,-0.011118365465857592,198.25204582651392,14,0,0,0,1,1,0,1,35.67,7019.98,4.52,1,af9c921f0846f66f37f86a71fcd87568ee536adb3011460ff66d023ec4d7ab5f
sta-f-83,tight,1,TBRPLUS,2000,12,12,13,1,12,148,-1077,52575,-0.020485021398002852,199.36006546644845,11,0,0,0,1,1,0,1,41.39,9946.18,4.59,1,72da068f1b78cda8204f93ffde2c3b77555e343eb0b6c1984e973c5fd5fcc3c5
sta-f-83,tight,2,TBRPLUS,2000,11,12,13,1,12,166,-972,52941,-0.018360061200204,199.87397708674305,9,1,0,0,1,1,0,2,57.39,11611.36,4.57,1,aa85f0eee2554acb262982a92b3025330fef80b74c46d9b763cd34eb89acf2e8
sta-f-83,tight,3,TBRPLUS,2000,18,12,13,1,18,175,-1670,53586,-0.03116485649236741,201.64320785597383,17,0,0,0,1,1,0,1,39.14,3229.73,4.52,1,11af0dd95b0509679feeddf1a0d34ecc080b5f44c15a4ff0ca376f0d57cc7c04
sta-f-83,tight,4,TBRPLUS,2000,10,12,13,1,10,129,-863,54098,-0.015952530592628193,203.4926350245499,9,0,0,0,1,1,0,1,41.33,11965.41,4.5,1,33af9d03c07f77ad7c3f62abd83096e155892a3efae46777b7fcaa1052136926
tre-s-92,tight,0,TBRPLUS,2000,77,19,22,3,104,4254,-15761,57686,-0.2732205387789065,13.586009174311927,60,5,0,9,3,4,0,4,76.08,18520.11,4.04,1,e7b7d250b7924dfb3bc4418a4cba7264a9243c73b80a5f97fe21e1abec11aab9
tre-s-92,tight,1,TBRPLUS,2000,91,19,22,3,131,6442,-11204,57242,-0.19573040774256664,14.447477064220184,66,10,0,12,3,6,0,5,80.33,25218.89,4.12,1,b68e25f85461e8015c2d4e6526a41545d425fb237357d9262d955001818704ad
tre-s-92,tight,2,TBRPLUS,2000,79,22,23,1,97,3621,-9683,58885,-0.16443916107667486,15.442660550458715,65,9,0,4,1,1,0,4,89.59,4919.08,3.85,1,4ecccf1d3098423827f7297707d3d66622f3be37a33b31e3b25f5d1c37e4b007
tre-s-92,tight,3,TBRPLUS,2000,71,20,21,1,104,4327,-8992,57936,-0.15520574426953881,15.34380733944954,48,16,0,6,1,3,0,4,82.22,19990.13,3.99,1,557f3101ca74f7418ec2f50cd05156e722d72c9bb50d9d1f7993f9cc61d939ea
tre-s-92,tight,4,TBRPLUS,2000,78,19,23,4,95,4251,-15043,60120,-0.2502162341982701,14.339449541284404,64,4,0,6,4,4,0,4,84.39,21973.76,4.3,1,6564da5d7bc51806d22c6ed6b708289fd721170874e614595344b5dbe1625bb8
uta-s-92,tight,0,TBRPLUS,2000,72,31,34,3,83,7232,-24999,173786,-0.14384933193697996,7.563387567008371,63,3,0,3,3,4,0,4,126.96,39749.58,5.31,1,dd3009dca924aba63988e691b9e5676315714eb6e4b471b26f20e78227ed6f62
uta-s-92,tight,1,TBRPLUS,2000,60,31,34,3,68,5752,-17468,157276,-0.11106589689463109,7.112809178971127,52,2,0,3,3,3,0,3,128.6,33342.19,5.33,1,72af69896057c56c657377bcc712b852b3622c2541963fe6d7f3d9461b1d08a1
uta-s-92,tight,2,TBRPLUS,2000,59,31,32,1,73,5408,-10675,159500,-0.06692789968652038,7.586758205586382,49,5,0,4,1,2,0,4,133.26,15677.51,5.45,1,72a74b189fa2b4fd8c1f2860b31e6259c25dca5e0217cf54f2cbe5fb197fe899
uta-s-92,tight,3,TBRPLUS,2000,82,30,35,5,94,7084,-20335,167720,-0.12124373956594324,7.539217530330104,69,6,0,2,5,6,0,5,148.93,51546.48,5.53,1,d62d883e51b2d98e564bd6e09bbfa9e3c1960a5c1211ec9e0ec2e4d40b9449d7
uta-s-92,tight,4,TBRPLUS,2000,62,30,32,2,83,6861,-13488,159617,-0.08450227732634995,7.460547352581585,45,11,0,4,2,3,0,4,140.95,45510.78,5.33,1,85604e54cb77b07c2d5bd31531bebc12cd8f448ff16d1b37231430b960dd4c15
ute-s-92,tight,0,TBRPLUS,2000,22,9,10,1,24,1012,-17859,119376,-0.1496029352633695,55.53510367406329,19,2,0,0,1,1,0,2,49.37,142.86,3.68,1,112b18f87700d0301db3da56bd5eeb6a462b1e8eac878c25537d60bcfaedf8a1
ute-s-92,tight,1,TBRPLUS,2000,26,9,10,1,26,1012,-20899,120464,-0.1734875149422234,54.74536194979993,25,0,0,0,1,1,0,1,44.16,74.52,3.58,1,8da91c6689c367907ecc5a806e7d0c4806a2c5e9b81072a7e1f818717d784d23
ute-s-92,tight,2,TBRPLUS,2000,29,10,10,0,33,1433,-23938,118851,-0.20141185181445675,51.991633321207715,25,4,0,0,0,0,0,2,50.83,264.28,3.65,1,e5388e47329473a06d0962e4887303faba3f91861b3ed36e446f4b46fda4e4ae
ute-s-92,tight,3,TBRPLUS,2000,30,10,10,0,32,1588,-26805,123603,-0.21686366835756413,53.04765369225173,28,2,0,0,0,0,0,2,58.99,94.91,3.58,1,f5bc8cf73d318066e06f715b0765862c2b7d7165481f96d3770693b423a55c8d
ute-s-92,tight,4,TBRPLUS,2000,24,11,11,0,25,1466,-24108,110672,-0.21783287552407113,48.33248453983266,23,1,0,0,0,0,0,2,50.97,94.43,3.62,1,64349ba4a6e6b00c4d486b5b5f666ae7faab0d5e538a19a4fe5d651fa675c803
yor-f-83,tight,0,TBRPLUS,2000,137,15,22,7,213,4203,-15769,34014,-0.46360322220262246,54.251859723698196,87,25,3,15,7,11,0,7,86.35,20565.6,4.69,1,109e18b6784f844071f35289001e78035586f390f7f96c8107d1b86f57f9b0d4
yor-f-83,tight,1,TBRPLUS,2000,137,16,22,6,241,5533,-13922,32569,-0.4274616967054561,52.260361317747076,72,33,2,24,6,18,0,5,143.1,22731.96,5.26,1,ccc7d0620a6411ca9b364752ff3efb96b2a61b6776eb282506a264e1985fd80e
yor-f-83,tight,2,TBRPLUS,2000,126,15,21,6,200,3939,-13559,33456,-0.40527857484457197,55.2422954303932,72,27,0,21,6,8,0,4,102.39,22482.78,5.23,1,2273021084b9261866238e9b3c85ddb070a34489d6fba26bca8dba49f462b165
yor-f-83,tight,3,TBRPLUS,2000,143,15,22,7,244,4959,-13229,33374,-0.3963864085815305,55.11689691817216,84,21,3,28,7,15,0,5,90.53,22324.54,4.9,1,4d566543537852b8159e9658dfcace21951bea0285944626b61af75f356c586f
yor-f-83,tight,4,TBRPLUS,2000,116,16,21,5,204,4724,-12277,33317,-0.36849056037458355,58.3028692879915,64,18,1,28,5,9,0,5,104.5,20510.57,4.76,1,c679d4714afaeddeb4e5a81e37a54624d317c81e773311686479e22cf7b04ee9
