instance,seed,t,tier,tbr_dk,tbr_D,oracle_status,d_star,oracle_time_s,lex_optimal
ear-f-83,0,90,search,0,3,OPTIMAL,3,0.577,1
ear-f-83,0,96,new_period,1,1,FEASIBLE,14,20.004,
ear-f-83,0,382,new_period,1,1,OPTIMAL,7,2.071,0
ear-f-83,0,429,double,0,2,OPTIMAL,2,0.53,1
ear-f-83,0,513,search,0,4,OPTIMAL,4,1.245,1
ear-f-83,0,528,search,0,3,OPTIMAL,3,0.617,1
ear-f-83,0,557,search,0,4,OPTIMAL,4,1.159,1
ear-f-83,0,587,new_period,1,1,OPTIMAL,6,0.811,0
ear-f-83,0,657,search,0,3,OPTIMAL,3,0.672,1
ear-f-83,0,792,double,0,2,OPTIMAL,2,0.578,1
ear-f-83,0,872,search,0,3,OPTIMAL,3,0.919,1
ear-f-83,0,883,search,0,4,OPTIMAL,4,0.708,1
ear-f-83,0,893,search,0,3,OPTIMAL,3,0.593,1
ear-f-83,0,940,search,0,4,OPTIMAL,4,0.7,1
ear-f-83,0,963,new_period,1,1,OPTIMAL,7,3.787,0
ear-f-83,0,1007,double,0,2,OPTIMAL,2,0.63,1
ear-f-83,0,1062,double,0,2,OPTIMAL,2,0.685,1
ear-f-83,0,1094,new_period,1,1,OPTIMAL,5,0.894,0
ear-f-83,0,1114,search,0,3,OPTIMAL,3,0.699,1
ear-f-83,0,1323,double,0,2,OPTIMAL,2,0.783,1
ear-f-83,0,1520,search,0,3,OPTIMAL,3,0.711,1
ear-f-83,0,1681,search,0,4,OPTIMAL,4,0.78,1
ear-f-83,0,1806,double,0,2,OPTIMAL,2,0.782,1
ear-f-83,0,1816,double,0,2,OPTIMAL,2,0.718,1
ear-f-83,0,1882,search,0,4,OPTIMAL,4,0.841,1
ear-f-83,0,1976,double,0,2,OPTIMAL,2,0.675,1
ear-f-83,1,156,new_period,1,1,OPTIMAL,6,0.746,0
ear-f-83,1,171,double,0,2,OPTIMAL,2,0.529,1
ear-f-83,1,178,search,0,4,OPTIMAL,4,0.62,1
ear-f-83,1,308,search,0,3,OPTIMAL,3,0.931,1
ear-f-83,1,406,new_period,1,1,FEASIBLE,10,20.005,
ear-f-83,1,522,double,0,2,OPTIMAL,2,0.614,1
ear-f-83,1,747,double,0,2,OPTIMAL,2,0.603,1
ear-f-83,1,782,double,0,2,OPTIMAL,2,0.598,1
ear-f-83,1,842,new_period,1,1,OPTIMAL,8,6.223,0
ear-f-83,1,1007,search,0,4,OPTIMAL,4,0.869,1
ear-f-83,1,1009,double,0,2,OPTIMAL,2,0.608,1
ear-f-83,1,1026,search,0,3,OPTIMAL,3,0.661,1
ear-f-83,1,1219,double,0,2,OPTIMAL,2,0.659,1
ear-f-83,1,1346,search,0,4,OPTIMAL,4,0.666,1
ear-f-83,1,1352,new_period,1,1,OPTIMAL,5,0.883,0
ear-f-83,1,1569,double,0,2,OPTIMAL,2,0.684,1
ear-f-83,1,1575,double,0,2,OPTIMAL,2,0.686,1
ear-f-83,1,1595,search,0,5,OPTIMAL,5,1.187,1
ear-f-83,1,1675,search,0,3,OPTIMAL,3,0.787,1
ear-f-83,1,1689,new_period,1,1,OPTIMAL,7,3.899,0
ear-f-83,1,1716,search,0,3,OPTIMAL,3,0.898,1
ear-f-83,1,1777,search,0,3,OPTIMAL,3,0.741,1
ear-f-83,1,1792,search,0,3,OPTIMAL,3,0.791,1
ear-f-83,1,1806,search,0,4,OPTIMAL,4,0.897,1
ear-f-83,1,1905,search,0,3,OPTIMAL,3,0.758,1
ear-f-83,1,1906,double,0,2,OPTIMAL,2,0.774,1
ear-f-83,1,1948,search,0,4,OPTIMAL,4,0.859,1
ear-f-83,1,1997,search,0,3,OPTIMAL,3,0.92,1
ear-f-83,2,4,new_period,1,1,OPTIMAL,5,0.634,0
ear-f-83,2,10,double,0,2,OPTIMAL,2,0.497,1
ear-f-83,2,81,double,0,2,OPTIMAL,2,0.492,1
ear-f-83,2,108,search,0,4,OPTIMAL,4,0.524,1
ear-f-83,2,242,search,0,3,OPTIMAL,3,0.521,1
ear-f-83,2,243,search,0,4,OPTIMAL,4,0.553,1
ear-f-83,2,252,new_period,1,1,FEASIBLE,12,20.005,
ear-f-83,2,308,search,0,4,OPTIMAL,4,0.625,1
ear-f-83,2,468,double,0,2,OPTIMAL,2,0.511,1
ear-f-83,2,478,search,0,3,OPTIMAL,3,0.635,1
ear-f-83,2,630,search,0,3,OPTIMAL,3,0.556,1
ear-f-83,2,634,new_period,1,1,OPTIMAL,8,9.309,0
ear-f-83,2,718,double,0,2,OPTIMAL,2,0.533,1
ear-f-83,2,743,search,0,4,OPTIMAL,4,0.641,1
ear-f-83,2,916,search,0,5,OPTIMAL,5,0.661,1
ear-f-83,2,960,new_period,1,1,OPTIMAL,5,0.882,0
ear-f-83,2,1026,search,0,4,OPTIMAL,4,0.658,1
ear-f-83,2,1058,search,0,3,OPTIMAL,3,0.672,1
ear-f-83,2,1073,search,0,4,OPTIMAL,4,0.672,1
ear-f-83,2,1152,new_period,1,1,OPTIMAL,8,7.269,0
ear-f-83,2,1163,double,0,2,OPTIMAL,2,0.681,1
ear-f-83,2,1238,search,0,3,OPTIMAL,3,0.68,1
ear-f-83,2,1241,search,0,3,OPTIMAL,3,0.758,1
ear-f-83,2,1384,new_period,1,1,OPTIMAL,8,5.337,0
ear-f-83,2,1524,search,0,4,OPTIMAL,4,0.82,1
ear-f-83,2,1586,search,0,3,OPTIMAL,3,0.781,1
ear-f-83,2,1599,search,0,4,OPTIMAL,4,1.569,1
ear-f-83,2,1702,search,0,3,OPTIMAL,3,0.76,1
ear-f-83,2,1758,double,0,2,OPTIMAL,2,0.766,1
ear-f-83,2,1777,search,0,3,OPTIMAL,3,0.713,1
ear-f-83,2,1838,double,0,2,OPTIMAL,2,0.848,1
ear-f-83,2,1854,double,0,2,OPTIMAL,2,0.732,1
ear-f-83,2,1926,new_period,1,1,OPTIMAL,6,3.02,0
ear-f-83,2,1944,search,0,3,OPTIMAL,3,0.821,1
ear-f-83,2,1965,double,0,2,OPTIMAL,2,0.758,1
ear-f-83,3,45,new_period,1,1,OPTIMAL,7,1.696,0
ear-f-83,3,276,new_period,1,1,OPTIMAL,5,0.777,0
ear-f-83,3,414,search,0,3,OPTIMAL,3,0.569,1
ear-f-83,3,439,double,0,2,OPTIMAL,2,0.577,1
ear-f-83,3,611,double,0,2,OPTIMAL,2,0.542,1
ear-f-83,3,614,search,0,3,OPTIMAL,3,0.592,1
ear-f-83,3,686,search,0,4,OPTIMAL,4,0.613,1
ear-f-83,3,729,new_period,1,1,OPTIMAL,6,2.456,0
ear-f-83,3,833,double,0,2,OPTIMAL,2,0.581,1
ear-f-83,3,873,new_period,1,1,OPTIMAL,5,0.914,0
ear-f-83,3,968,search,0,3,OPTIMAL,3,0.619,1
ear-f-83,3,1193,double,0,2,OPTIMAL,2,0.74,1
ear-f-83,3,1263,double,0,2,OPTIMAL,2,0.694,1
ear-f-83,3,1284,new_period,1,1,OPTIMAL,6,1.069,0
ear-f-83,3,1294,double,0,2,OPTIMAL,2,0.843,1
ear-f-83,3,1477,double,0,2,OPTIMAL,2,0.777,1
ear-f-83,3,1575,search,0,3,OPTIMAL,3,0.789,1
ear-f-83,3,1763,double,0,2,OPTIMAL,2,0.745,1
ear-f-83,3,1876,new_period,1,1,OPTIMAL,7,1.328,0
ear-f-83,3,1892,search,0,3,OPTIMAL,3,0.76,1
ear-f-83,3,1953,new_period,1,1,OPTIMAL,4,0.878,0
ear-f-83,4,150,search,0,3,OPTIMAL,3,0.529,1
ear-f-83,4,208,new_period,1,1,FEASIBLE,12,20.004,
ear-f-83,4,236,double,0,2,OPTIMAL,2,0.577,1
ear-f-83,4,337,search,0,4,OPTIMAL,4,0.656,1
ear-f-83,4,338,search,0,4,OPTIMAL,4,0.763,1
ear-f-83,4,343,search,0,4,OPTIMAL,4,0.617,1
ear-f-83,4,367,search,0,3,OPTIMAL,3,0.634,1
ear-f-83,4,374,double,0,2,OPTIMAL,2,0.545,1
ear-f-83,4,377,new_period,1,1,OPTIMAL,6,1.259,0
ear-f-83,4,493,double,0,2,OPTIMAL,2,0.577,1
ear-f-83,4,694,double,0,2,OPTIMAL,2,0.602,1
ear-f-83,4,734,double,0,2,OPTIMAL,2,0.69,1
ear-f-83,4,755,search,0,3,OPTIMAL,3,0.635,1
ear-f-83,4,761,new_period,1,1,OPTIMAL,7,0.924,0
ear-f-83,4,823,double,0,2,OPTIMAL,2,0.586,1
ear-f-83,4,958,search,0,4,OPTIMAL,4,1.095,1
ear-f-83,4,1074,search,0,4,OPTIMAL,4,0.697,1
ear-f-83,4,1291,search,0,3,OPTIMAL,3,0.672,1
ear-f-83,4,1542,search,0,3,OPTIMAL,3,0.776,1
ear-f-83,4,1695,double,0,2,OPTIMAL,2,0.657,1
ear-f-83,4,1705,new_period,1,1,FEASIBLE,13,20.323,
ear-f-83,4,1816,new_period,1,1,OPTIMAL,5,0.813,0
ear-f-83,4,1842,double,0,2,OPTIMAL,2,0.841,1
hec-s-92,0,477,double,0,2,OPTIMAL,2,0.128,1
hec-s-92,0,478,search,0,3,OPTIMAL,3,0.104,1
hec-s-92,0,487,kempe,0,3,OPTIMAL,3,0.131,1
hec-s-92,0,508,double,0,2,OPTIMAL,2,0.143,1
hec-s-92,0,622,search,0,4,OPTIMAL,4,0.149,1
hec-s-92,0,796,double,0,2,OPTIMAL,2,0.112,1
hec-s-92,0,823,new_period,1,1,OPTIMAL,5,0.161,0
hec-s-92,0,904,double,0,2,OPTIMAL,2,0.13,1
hec-s-92,0,1192,search,0,3,OPTIMAL,3,0.137,1
hec-s-92,0,1232,double,0,2,OPTIMAL,2,0.124,1
hec-s-92,0,1299,search,0,3,OPTIMAL,3,0.132,1
hec-s-92,0,1321,new_period,1,1,OPTIMAL,4,0.192,0
hec-s-92,0,1362,new_period,1,1,OPTIMAL,4,0.197,0
hec-s-92,0,1484,double,0,2,OPTIMAL,2,0.144,1
hec-s-92,0,1607,double,0,2,OPTIMAL,2,0.156,1
hec-s-92,0,1880,double,0,2,OPTIMAL,2,0.146,1
hec-s-92,0,1883,double,0,2,OPTIMAL,2,0.145,1
hec-s-92,1,198,double,0,2,OPTIMAL,2,0.141,1
hec-s-92,1,202,double,0,2,OPTIMAL,2,0.133,1
hec-s-92,1,224,double,0,2,OPTIMAL,2,0.118,1
hec-s-92,1,236,search,0,3,OPTIMAL,3,0.119,1
hec-s-92,1,1019,double,0,2,OPTIMAL,2,0.136,1
hec-s-92,1,1023,search,0,4,OPTIMAL,4,0.189,1
hec-s-92,1,1272,search,0,4,OPTIMAL,4,0.218,1
hec-s-92,1,1285,double,0,2,OPTIMAL,2,0.141,1
hec-s-92,1,1343,search,0,3,OPTIMAL,3,0.134,1
hec-s-92,1,1344,double,0,2,OPTIMAL,2,0.145,1
hec-s-92,1,1407,search,0,4,OPTIMAL,4,0.155,1
hec-s-92,1,1454,search,0,3,OPTIMAL,3,0.145,1
hec-s-92,1,1484,double,0,2,OPTIMAL,2,0.137,1
hec-s-92,1,1504,search,0,3,OPTIMAL,3,0.137,1
hec-s-92,1,1525,search,0,3,OPTIMAL,3,0.148,1
hec-s-92,1,1608,double,0,2,OPTIMAL,2,0.135,1
hec-s-92,1,1617,double,0,2,OPTIMAL,2,0.124,1
hec-s-92,1,1654,new_period,1,1,OPTIMAL,5,0.208,0
hec-s-92,1,1863,search,0,4,OPTIMAL,4,0.167,1
hec-s-92,1,1967,double,0,2,OPTIMAL,2,0.155,1
hec-s-92,1,1974,new_period,1,1,OPTIMAL,5,0.225,0
hec-s-92,1,1975,double,0,2,OPTIMAL,2,0.185,1
hec-s-92,2,169,search,0,3,OPTIMAL,3,0.128,1
hec-s-92,2,352,double,0,2,OPTIMAL,2,0.113,1
hec-s-92,2,427,new_period,1,1,OPTIMAL,7,2.337,0
hec-s-92,2,688,double,0,2,OPTIMAL,2,0.143,1
hec-s-92,2,705,double,0,2,OPTIMAL,2,0.136,1
hec-s-92,2,1355,new_period,1,1,OPTIMAL,5,0.185,0
hec-s-92,2,1388,double,0,2,OPTIMAL,2,0.139,1
hec-s-92,2,1468,search,0,3,OPTIMAL,3,0.15,1
hec-s-92,2,1486,double,0,2,OPTIMAL,2,0.141,1
hec-s-92,2,1505,double,0,2,OPTIMAL,2,0.134,1
hec-s-92,2,1510,double,0,2,OPTIMAL,2,0.152,1
hec-s-92,2,1576,new_period,1,1,OPTIMAL,5,0.198,0
hec-s-92,2,1760,search,0,3,OPTIMAL,3,0.155,1
hec-s-92,2,1836,search,0,4,OPTIMAL,4,0.17,1
hec-s-92,2,1895,new_period,1,1,OPTIMAL,5,0.453,0
hec-s-92,3,132,double,0,2,OPTIMAL,2,0.132,1
hec-s-92,3,286,new_period,1,1,OPTIMAL,4,0.14,0
hec-s-92,3,587,double,0,2,OPTIMAL,2,0.154,1
hec-s-92,3,837,double,0,2,OPTIMAL,2,0.152,1
hec-s-92,3,861,double,0,2,OPTIMAL,2,0.135,1
hec-s-92,3,1031,double,0,2,OPTIMAL,2,0.146,1
hec-s-92,3,1063,search,0,3,OPTIMAL,3,0.144,1
hec-s-92,3,1169,double,0,2,OPTIMAL,2,0.123,1
hec-s-92,3,1266,double,0,2,OPTIMAL,2,0.134,1
hec-s-92,3,1458,double,0,2,OPTIMAL,2,0.13,1
hec-s-92,3,1489,search,0,3,OPTIMAL,3,0.154,1
hec-s-92,3,1514,double,0,2,OPTIMAL,2,0.139,1
hec-s-92,3,1520,kempe,0,3,OPTIMAL,3,0.138,1
hec-s-92,3,1583,search,0,3,OPTIMAL,3,0.149,1
hec-s-92,3,1592,search,0,4,OPTIMAL,4,0.187,1
hec-s-92,3,1637,search,0,3,OPTIMAL,3,0.166,1
hec-s-92,3,1726,double,0,2,OPTIMAL,2,0.124,1
hec-s-92,3,1771,new_period,1,1,OPTIMAL,7,1.015,0
hec-s-92,4,92,search,0,3,OPTIMAL,3,0.15,1
hec-s-92,4,134,search,0,4,OPTIMAL,4,0.137,1
hec-s-92,4,341,new_period,1,1,OPTIMAL,6,0.27,0
hec-s-92,4,700,new_period,1,1,OPTIMAL,4,0.254,0
hec-s-92,4,1322,kempe,0,3,OPTIMAL,3,0.151,1
hec-s-92,4,1324,search,0,4,OPTIMAL,4,1.495,1
hec-s-92,4,1595,double,0,2,OPTIMAL,2,0.138,1
hec-s-92,4,1810,double,0,2,OPTIMAL,2,0.161,1
hec-s-92,4,1984,search,0,3,OPTIMAL,3,0.151,1
sta-f-83,0,1645,new_period,1,1,UNKNOWN,,20.003,
sta-f-83,1,1345,new_period,1,1,UNKNOWN,,20.011,
sta-f-83,2,407,new_period,1,1,UNKNOWN,,20.002,
sta-f-83,2,1383,double,0,2,OPTIMAL,2,0.148,1
sta-f-83,3,216,new_period,1,1,UNKNOWN,,20.003,
sta-f-83,4,1069,new_period,1,1,UNKNOWN,,20.0,
tre-s-92,0,95,search,0,3,OPTIMAL,3,0.778,1
tre-s-92,0,284,search,0,3,OPTIMAL,3,0.827,1
tre-s-92,0,506,search,0,3,OPTIMAL,3,2.557,1
tre-s-92,0,523,new_period,1,1,OPTIMAL,5,1.203,0
tre-s-92,0,562,double,0,2,OPTIMAL,2,0.768,1
tre-s-92,0,854,search,0,3,OPTIMAL,3,0.884,1
tre-s-92,0,859,double,0,2,OPTIMAL,2,0.865,1
tre-s-92,0,881,double,0,2,OPTIMAL,2,0.895,1
tre-s-92,0,1003,search,0,4,OPTIMAL,4,1.878,1
tre-s-92,0,1095,double,0,2,OPTIMAL,2,0.854,1
tre-s-92,0,1198,new_period,1,1,OPTIMAL,6,1.745,0
tre-s-92,0,1337,search,0,4,OPTIMAL,4,0.931,1
tre-s-92,0,1668,search,0,3,OPTIMAL,3,0.93,1
tre-s-92,0,1706,search,0,4,OPTIMAL,4,1.827,1
tre-s-92,0,1794,double,0,2,OPTIMAL,2,1.017,1
tre-s-92,0,1873,search,0,4,OPTIMAL,4,1.04,1
tre-s-92,0,1905,new_period,1,1,OPTIMAL,7,5.534,0
tre-s-92,1,166,double,0,2,OPTIMAL,2,0.719,1
tre-s-92,1,186,search,0,3,OPTIMAL,3,0.793,1
tre-s-92,1,284,search,0,3,OPTIMAL,3,0.742,1
tre-s-92,1,296,search,0,3,OPTIMAL,3,0.742,1
tre-s-92,1,386,search,0,5,OPTIMAL,5,0.856,1
tre-s-92,1,572,double,0,2,OPTIMAL,2,0.699,1
tre-s-92,1,582,double,0,2,OPTIMAL,2,0.953,1
tre-s-92,1,620,new_period,1,1,OPTIMAL,8,2.112,0
tre-s-92,1,773,search,0,3,OPTIMAL,3,0.802,1
tre-s-92,1,851,search,0,3,OPTIMAL,3,0.89,1
tre-s-92,1,931,search,0,3,OPTIMAL,3,0.843,1
tre-s-92,1,1034,search,0,4,OPTIMAL,4,1.679,1
tre-s-92,1,1075,double,0,2,OPTIMAL,2,1.032,1
tre-s-92,1,1198,search,0,5,OPTIMAL,5,0.987,1
tre-s-92,1,1215,double,0,2,OPTIMAL,2,0.809,1
tre-s-92,1,1239,new_period,1,1,OPTIMAL,5,0.954,0
tre-s-92,1,1432,double,0,2,OPTIMAL,2,0.892,1
tre-s-92,1,1465,new_period,1,1,OPTIMAL,5,1.034,0
tre-s-92,1,1481,search,0,4,OPTIMAL,4,1.057,1
tre-s-92,1,1564,double,0,2,OPTIMAL,2,0.904,1
tre-s-92,1,1641,search,0,3,OPTIMAL,3,0.971,1
tre-s-92,1,1685,double,0,2,OPTIMAL,2,0.992,1
tre-s-92,1,1699,double,0,2,OPTIMAL,2,1.212,1
tre-s-92,1,1718,double,0,2,OPTIMAL,2,1.002,1
tre-s-92,1,1838,search,0,3,OPTIMAL,3,1.456,1
tre-s-92,2,16,double,0,2,OPTIMAL,2,1.138,1
tre-s-92,2,521,double,0,2,OPTIMAL,2,0.824,1
tre-s-92,2,597,double,0,2,OPTIMAL,2,0.892,1
tre-s-92,2,890,double,0,2,OPTIMAL,2,1.178,1
tre-s-92,2,962,double,0,2,OPTIMAL,2,1.393,1
tre-s-92,2,1007,double,0,2,OPTIMAL,2,0.907,1
tre-s-92,2,1134,double,0,2,OPTIMAL,2,0.988,1
tre-s-92,2,1143,search,0,3,OPTIMAL,3,0.96,1
tre-s-92,2,1425,search,0,3,OPTIMAL,3,0.968,1
tre-s-92,2,1450,double,0,2,OPTIMAL,2,0.981,1
tre-s-92,2,1689,search,0,4,OPTIMAL,4,1.078,1
tre-s-92,2,1753,search,0,3,OPTIMAL,3,0.966,1
tre-s-92,2,1857,new_period,1,1,OPTIMAL,5,2.218,0
tre-s-92,2,1940,double,0,2,OPTIMAL,2,1.073,1
tre-s-92,3,47,search,0,4,OPTIMAL,4,0.876,1
tre-s-92,3,197,search,0,3,OPTIMAL,3,0.919,1
tre-s-92,3,257,double,0,2,OPTIMAL,2,0.94,1
tre-s-92,3,289,double,0,2,OPTIMAL,2,0.783,1
tre-s-92,3,343,double,0,2,OPTIMAL,2,0.807,1
tre-s-92,3,419,new_period,1,1,OPTIMAL,5,1.222,0
tre-s-92,3,572,double,0,2,OPTIMAL,2,0.818,1
tre-s-92,3,833,double,0,2,OPTIMAL,2,1.038,1
tre-s-92,3,856,double,0,2,OPTIMAL,2,0.943,1
tre-s-92,3,863,double,0,2,OPTIMAL,2,0.855,1
tre-s-92,3,1134,double,0,2,OPTIMAL,2,1.064,1
tre-s-92,3,1199,double,0,2,OPTIMAL,2,1.114,1
tre-s-92,3,1261,double,0,2,OPTIMAL,2,0.84,1
tre-s-92,3,1275,search,0,4,OPTIMAL,4,0.908,1
tre-s-92,3,1349,double,0,2,OPTIMAL,2,0.869,1
tre-s-92,3,1354,search,0,4,OPTIMAL,4,1.029,1
tre-s-92,3,1365,double,0,2,OPTIMAL,2,0.895,1
tre-s-92,3,1389,double,0,2,OPTIMAL,2,0.912,1
tre-s-92,3,1395,double,0,2,OPTIMAL,2,0.991,1
tre-s-92,3,1474,double,0,2,OPTIMAL,2,1.08,1
tre-s-92,3,1550,search,0,4,OPTIMAL,4,1.172,1
tre-s-92,3,1881,double,0,2,OPTIMAL,2,1.532,1
tre-s-92,3,1958,search,0,4,OPTIMAL,4,1.22,1
tre-s-92,4,99,new_period,1,1,OPTIMAL,7,2.03,0
tre-s-92,4,350,double,0,2,OPTIMAL,2,1.261,1
tre-s-92,4,364,double,0,2,OPTIMAL,2,1.51,1
tre-s-92,4,670,search,0,3,OPTIMAL,3,0.856,1
tre-s-92,4,686,new_period,1,1,OPTIMAL,4,0.932,0
tre-s-92,4,710,new_period,1,1,OPTIMAL,6,1.523,0
tre-s-92,4,752,double,0,2,OPTIMAL,2,0.898,1
tre-s-92,4,784,double,0,2,OPTIMAL,2,0.967,1
tre-s-92,4,813,search,0,3,OPTIMAL,3,1.108,1
tre-s-92,4,1135,new_period,1,1,OPTIMAL,4,1.286,0
tre-s-92,4,1559,search,0,3,OPTIMAL,3,1.29,1
tre-s-92,4,1570,search,0,3,OPTIMAL,3,1.013,1
tre-s-92,4,1811,search,0,3,OPTIMAL,3,0.963,1
tre-s-92,4,1892,search,0,4,OPTIMAL,4,1.088,1
ute-s-92,0,1382,double,0,2,OPTIMAL,2,0.122,1
ute-s-92,0,1725,double,0,2,OPTIMAL,2,0.13,1
ute-s-92,0,1829,new_period,1,1,INFEASIBLE,,5.068,1
ute-s-92,1,536,new_period,1,1,INFEASIBLE,,3.714,1
ute-s-92,2,977,double,0,2,OPTIMAL,2,0.106,1
ute-s-92,2,1014,double,0,2,OPTIMAL,2,0.104,1
ute-s-92,2,1552,double,0,2,OPTIMAL,2,0.141,1
ute-s-92,2,1779,double,0,2,OPTIMAL,2,0.135,1
ute-s-92,3,518,double,0,2,OPTIMAL,2,0.102,1
ute-s-92,3,1804,double,0,2,OPTIMAL,2,0.115,1
ute-s-92,4,957,double,0,2,OPTIMAL,2,0.139,1
yor-f-83,0,92,kempe,0,5,OPTIMAL,5,0.478,1
yor-f-83,0,136,search,0,3,OPTIMAL,3,0.33,1
yor-f-83,0,163,search,0,3,OPTIMAL,3,0.375,1
yor-f-83,0,228,search,0,5,OPTIMAL,5,0.86,1
yor-f-83,0,229,double,0,2,OPTIMAL,2,0.339,1
yor-f-83,0,236,double,0,2,OPTIMAL,2,0.357,1
yor-f-83,0,237,new_period,1,1,OPTIMAL,6,0.998,0
yor-f-83,0,312,search,0,5,OPTIMAL,5,0.806,1
yor-f-83,0,354,double,0,2,OPTIMAL,2,0.642,1
yor-f-83,0,363,kempe,0,3,OPTIMAL,3,0.369,1
yor-f-83,0,377,search,0,4,OPTIMAL,4,0.409,1
yor-f-83,0,399,double,0,2,OPTIMAL,2,0.464,1
yor-f-83,0,405,new_period,1,1,OPTIMAL,6,1.275,0
yor-f-83,0,545,search,0,5,OPTIMAL,5,0.471,1
yor-f-83,0,599,double,0,2,OPTIMAL,2,0.411,1
yor-f-83,0,610,double,0,2,OPTIMAL,2,0.418,1
yor-f-83,0,659,double,0,2,OPTIMAL,2,0.379,1
yor-f-83,0,664,double,0,2,OPTIMAL,2,0.431,1
yor-f-83,0,699,kempe,0,7,OPTIMAL,5,0.595,0
yor-f-83,0,708,new_period,1,1,OPTIMAL,8,1.219,0
yor-f-83,0,812,double,0,2,OPTIMAL,2,0.467,1
yor-f-83,0,813,search,0,3,OPTIMAL,3,0.537,1
yor-f-83,0,824,double,0,2,OPTIMAL,2,0.469,1
yor-f-83,0,845,new_period,1,1,OPTIMAL,5,0.593,0
yor-f-83,0,852,double,0,2,OPTIMAL,2,0.454,1
yor-f-83,0,966,double,0,2,OPTIMAL,2,0.489,1
yor-f-83,0,1020,search,0,4,OPTIMAL,4,0.558,1
yor-f-83,0,1046,search,0,4,OPTIMAL,4,0.638,1
yor-f-83,0,1079,new_period,1,1,OPTIMAL,5,0.762,0
yor-f-83,0,1138,search,0,3,OPTIMAL,3,0.57,1
yor-f-83,0,1145,double,0,2,OPTIMAL,2,0.523,1
yor-f-83,0,1300,double,0,2,OPTIMAL,2,0.552,1
yor-f-83,0,1352,search,0,3,OPTIMAL,3,0.586,1
yor-f-83,0,1374,double,0,2,OPTIMAL,2,0.518,1
yor-f-83,0,1412,double,0,2,OPTIMAL,2,0.588,1
yor-f-83,0,1424,double,0,2,OPTIMAL,2,0.596,1
yor-f-83,0,1429,search,0,3,OPTIMAL,3,0.758,1
yor-f-83,0,1431,double,0,2,OPTIMAL,2,0.526,1
yor-f-83,0,1494,double,0,2,OPTIMAL,2,0.546,1
yor-f-83,0,1497,new_period,1,1,OPTIMAL,5,1.607,0
yor-f-83,0,1533,double,0,2,OPTIMAL,2,0.62,1
yor-f-83,0,1610,double,0,2,OPTIMAL,2,0.598,1
yor-f-83,0,1631,double,0,2,OPTIMAL,2,0.643,1
yor-f-83,0,1703,search,0,3,OPTIMAL,3,0.876,1
yor-f-83,0,1751,double,0,2,OPTIMAL,2,0.623,1
yor-f-83,0,1755,search,0,3,OPTIMAL,3,0.649,1
yor-f-83,0,1819,double,0,2,OPTIMAL,2,0.636,1
yor-f-83,0,1852,new_period,1,1,OPTIMAL,5,1.261,0
yor-f-83,0,1893,double,0,2,OPTIMAL,2,0.659,1
yor-f-83,0,1999,search,0,3,OPTIMAL,3,0.713,1
yor-f-83,1,66,double,0,2,OPTIMAL,2,0.411,1
yor-f-83,1,144,search,0,5,OPTIMAL,5,0.559,1
yor-f-83,1,145,search,0,5,OPTIMAL,5,0.919,1
yor-f-83,1,173,search,0,3,OPTIMAL,3,0.488,1
yor-f-83,1,196,double,0,2,OPTIMAL,2,0.354,1
yor-f-83,1,210,new_period,1,1,OPTIMAL,7,0.89,0
yor-f-83,1,252,search,0,3,OPTIMAL,3,0.507,1
yor-f-83,1,346,double,0,2,OPTIMAL,2,0.396,1
yor-f-83,1,387,search,0,4,OPTIMAL,4,0.475,1
yor-f-83,1,399,search,0,4,OPTIMAL,4,0.55,1
yor-f-83,1,428,search,0,4,OPTIMAL,4,0.479,1
yor-f-83,1,448,search,0,4,OPTIMAL,4,0.472,1
yor-f-83,1,452,kempe,0,3,OPTIMAL,3,0.56,1
yor-f-83,1,464,search,0,3,OPTIMAL,3,0.599,1
yor-f-83,1,512,double,0,2,OPTIMAL,2,0.488,1
yor-f-83,1,519,search,0,4,OPTIMAL,4,0.484,1
yor-f-83,1,533,double,0,2,OPTIMAL,2,0.406,1
yor-f-83,1,554,search,0,3,OPTIMAL,3,0.427,1
yor-f-83,1,622,double,0,2,OPTIMAL,2,0.427,1
yor-f-83,1,636,double,0,2,OPTIMAL,2,0.444,1
yor-f-83,1,673,search,0,5,OPTIMAL,5,0.748,1
yor-f-83,1,702,double,0,2,OPTIMAL,2,0.463,1
yor-f-83,1,782,double,0,2,OPTIMAL,2,0.531,1
yor-f-83,1,783,new_period,1,1,OPTIMAL,6,0.705,0
yor-f-83,1,917,double,0,2,OPTIMAL,2,0.432,1
yor-f-83,1,948,double,0,2,OPTIMAL,2,0.46,1
yor-f-83,1,963,double,0,2,OPTIMAL,2,0.466,1
yor-f-83,1,973,double,0,2,OPTIMAL,2,0.465,1
yor-f-83,1,994,double,0,2,OPTIMAL,2,0.456,1
yor-f-83,1,1018,search,0,3,OPTIMAL,3,0.48,1
yor-f-83,1,1027,search,0,4,OPTIMAL,4,0.503,1
yor-f-83,1,1042,double,0,2,OPTIMAL,2,0.497,1
yor-f-83,1,1070,new_period,1,1,OPTIMAL,5,0.512,0
yor-f-83,1,1151,double,0,2,OPTIMAL,2,0.517,1
yor-f-83,1,1179,double,0,2,OPTIMAL,2,0.526,1
yor-f-83,1,1196,double,0,2,OPTIMAL,2,0.474,1
yor-f-83,1,1217,search,0,3,OPTIMAL,3,0.55,1
yor-f-83,1,1279,double,0,2,OPTIMAL,2,0.882,1
yor-f-83,1,1289,double,0,2,OPTIMAL,2,0.515,1
yor-f-83,1,1291,search,0,3,OPTIMAL,3,0.533,1
yor-f-83,1,1295,double,0,2,OPTIMAL,2,0.548,1
yor-f-83,1,1310,search,0,4,OPTIMAL,4,0.567,1
yor-f-83,1,1333,new_period,1,1,OPTIMAL,6,1.227,0
yor-f-83,1,1353,search,0,4,OPTIMAL,4,0.636,1
yor-f-83,1,1354,double,0,2,OPTIMAL,2,0.58,1
yor-f-83,1,1379,search,0,3,OPTIMAL,3,0.735,1
yor-f-83,1,1421,double,0,2,OPTIMAL,2,0.581,1
yor-f-83,1,1502,double,0,2,OPTIMAL,2,0.639,1
yor-f-83,1,1530,double,0,2,OPTIMAL,2,0.72,1
yor-f-83,1,1548,double,0,2,OPTIMAL,2,0.539,1
yor-f-83,1,1571,double,0,2,OPTIMAL,2,0.672,1
yor-f-83,1,1606,new_period,1,1,OPTIMAL,7,6.866,0
yor-f-83,1,1625,double,0,2,OPTIMAL,2,0.588,1
yor-f-83,1,1660,search,0,3,OPTIMAL,3,0.68,1
yor-f-83,1,1661,double,0,2,OPTIMAL,2,0.594,1
yor-f-83,1,1737,search,0,3,OPTIMAL,3,1.075,1
yor-f-83,1,1743,search,0,4,OPTIMAL,4,0.806,1
yor-f-83,1,1820,double,0,2,OPTIMAL,2,0.609,1
yor-f-83,1,1825,double,0,2,OPTIMAL,2,0.618,1
yor-f-83,1,1849,kempe,0,5,OPTIMAL,5,1.365,1
yor-f-83,1,1876,new_period,1,1,OPTIMAL,5,0.955,0
yor-f-83,1,1928,double,0,2,OPTIMAL,2,0.665,1
yor-f-83,1,1938,search,0,4,OPTIMAL,4,0.834,1
yor-f-83,1,1955,double,0,2,OPTIMAL,2,0.666,1
yor-f-83,1,1973,search,0,4,OPTIMAL,4,0.747,1
yor-f-83,2,32,double,0,2,OPTIMAL,2,0.32,1
yor-f-83,2,119,double,0,2,OPTIMAL,2,0.325,1
yor-f-83,2,153,double,0,2,OPTIMAL,2,0.353,1
yor-f-83,2,170,search,0,4,OPTIMAL,4,0.352,1
yor-f-83,2,187,double,0,2,OPTIMAL,2,0.341,1
yor-f-83,2,191,search,0,4,OPTIMAL,4,0.389,1
yor-f-83,2,240,new_period,1,1,FEASIBLE,10,20.004,
yor-f-83,2,258,search,0,3,OPTIMAL,3,0.374,1
yor-f-83,2,272,double,0,2,OPTIMAL,2,0.369,1
yor-f-83,2,277,search,0,3,OPTIMAL,3,0.361,1
yor-f-83,2,308,double,0,2,OPTIMAL,2,0.375,1
yor-f-83,2,310,new_period,1,1,OPTIMAL,5,0.513,0
yor-f-83,2,329,search,0,3,OPTIMAL,3,0.511,1
yor-f-83,2,387,double,0,2,OPTIMAL,2,0.437,1
yor-f-83,2,458,search,0,3,OPTIMAL,3,0.414,1
yor-f-83,2,499,double,0,2,OPTIMAL,2,0.395,1
yor-f-83,2,508,double,0,2,OPTIMAL,2,0.438,1
yor-f-83,2,533,search,0,3,OPTIMAL,3,0.426,1
yor-f-83,2,606,double,0,2,OPTIMAL,2,0.442,1
yor-f-83,2,632,double,0,2,OPTIMAL,2,0.401,1
yor-f-83,2,645,new_period,1,1,OPTIMAL,5,0.491,0
yor-f-83,2,762,new_period,1,1,OPTIMAL,6,0.505,0
yor-f-83,2,776,double,0,2,OPTIMAL,2,0.49,1
yor-f-83,2,832,double,0,2,OPTIMAL,2,0.458,1
yor-f-83,2,835,double,0,2,OPTIMAL,2,0.539,1
yor-f-83,2,868,double,0,2,OPTIMAL,2,0.452,1
yor-f-83,2,903,double,0,2,OPTIMAL,2,0.464,1
yor-f-83,2,962,double,0,2,OPTIMAL,2,0.493,1
yor-f-83,2,995,double,0,2,OPTIMAL,2,0.49,1
yor-f-83,2,1006,search,0,3,OPTIMAL,3,0.529,1
yor-f-83,2,1021,search,0,3,OPTIMAL,3,0.496,1
yor-f-83,2,1029,double,0,2,OPTIMAL,2,0.5,1
yor-f-83,2,1053,double,0,2,OPTIMAL,2,0.509,1
yor-f-83,2,1107,double,0,2,OPTIMAL,2,0.468,1
yor-f-83,2,1120,search,0,3,OPTIMAL,3,0.512,1
yor-f-83,2,1161,search,0,3,OPTIMAL,3,0.522,1
yor-f-83,2,1171,double,0,2,OPTIMAL,2,0.524,1
yor-f-83,2,1229,double,0,2,OPTIMAL,2,0.487,1
yor-f-83,2,1244,search,0,3,OPTIMAL,3,0.534,1
yor-f-83,2,1257,search,0,3,OPTIMAL,3,0.545,1
yor-f-83,2,1314,new_period,1,1,OPTIMAL,5,0.731,0
yor-f-83,2,1402,double,0,2,OPTIMAL,2,0.663,1
yor-f-83,2,1404,search,0,3,OPTIMAL,3,0.574,1
yor-f-83,2,1461,search,0,3,OPTIMAL,3,0.591,1
yor-f-83,2,1462,search,0,4,OPTIMAL,4,0.705,1
yor-f-83,2,1477,search,0,3,OPTIMAL,3,0.584,1
yor-f-83,2,1491,double,0,2,OPTIMAL,2,0.525,1
yor-f-83,2,1552,double,0,2,OPTIMAL,2,0.561,1
yor-f-83,2,1595,search,0,3,OPTIMAL,3,0.604,1
yor-f-83,2,1631,search,0,3,OPTIMAL,3,0.605,1
yor-f-83,2,1685,search,0,4,OPTIMAL,4,0.894,1
yor-f-83,2,1791,new_period,1,1,OPTIMAL,5,1.358,0
yor-f-83,2,1814,double,0,2,OPTIMAL,2,0.596,1
yor-f-83,2,1973,search,0,4,OPTIMAL,4,0.781,1
yor-f-83,3,20,search,0,4,OPTIMAL,4,0.328,1
yor-f-83,3,27,search,0,5,OPTIMAL,5,0.36,1
yor-f-83,3,34,new_period,1,1,OPTIMAL,7,1.069,0
yor-f-83,3,39,double,0,2,OPTIMAL,2,0.313,1
yor-f-83,3,59,search,0,3,OPTIMAL,3,0.439,1
yor-f-83,3,65,double,0,2,OPTIMAL,2,0.364,1
yor-f-83,3,137,double,0,2,OPTIMAL,2,0.336,1
yor-f-83,3,164,double,0,2,OPTIMAL,2,0.351,1
yor-f-83,3,224,search,0,3,OPTIMAL,3,0.377,1
yor-f-83,3,228,kempe,0,3,OPTIMAL,3,0.383,1
yor-f-83,3,247,new_period,1,1,OPTIMAL,6,0.623,0
yor-f-83,3,269,double,0,2,OPTIMAL,2,0.366,1
yor-f-83,3,373,double,0,2,OPTIMAL,2,0.405,1
yor-f-83,3,493,double,0,2,OPTIMAL,2,0.496,1
yor-f-83,3,518,double,0,2,OPTIMAL,2,0.4,1
yor-f-83,3,624,double,0,2,OPTIMAL,2,0.401,1
yor-f-83,3,630,new_period,1,1,OPTIMAL,5,0.608,0
yor-f-83,3,718,double,0,2,OPTIMAL,2,0.4,1
yor-f-83,3,728,search,0,3,OPTIMAL,3,0.611,1
yor-f-83,3,774,search,0,4,OPTIMAL,4,0.477,1
yor-f-83,3,783,search,0,3,OPTIMAL,3,0.425,1
yor-f-83,3,839,double,0,2,OPTIMAL,2,0.455,1
yor-f-83,3,857,search,0,5,OPTIMAL,5,0.518,1
yor-f-83,3,898,search,0,4,OPTIMAL,4,0.541,1
yor-f-83,3,920,search,0,3,OPTIMAL,3,0.525,1
yor-f-83,3,931,new_period,1,1,OPTIMAL,5,0.585,0
yor-f-83,3,990,double,0,2,OPTIMAL,2,0.493,1
yor-f-83,3,1012,search,0,3,OPTIMAL,3,0.485,1
yor-f-83,3,1034,search,0,3,OPTIMAL,3,0.511,1
yor-f-83,3,1043,double,0,2,OPTIMAL,2,0.486,1
yor-f-83,3,1079,search,0,4,OPTIMAL,4,0.544,1
yor-f-83,3,1151,search,0,3,OPTIMAL,3,0.539,1
yor-f-83,3,1159,double,0,2,OPTIMAL,2,0.467,1
yor-f-83,3,1238,double,0,2,OPTIMAL,2,0.496,1
yor-f-83,3,1255,double,0,2,OPTIMAL,2,0.529,1
yor-f-83,3,1276,search,0,4,OPTIMAL,4,0.531,1
yor-f-83,3,1296,new_period,1,1,OPTIMAL,5,1.1,0
yor-f-83,3,1311,search,0,3,OPTIMAL,3,0.54,1
yor-f-83,3,1527,kempe,0,3,OPTIMAL,3,0.623,1
yor-f-83,3,1553,double,0,2,OPTIMAL,2,0.603,1
yor-f-83,3,1563,search,0,4,OPTIMAL,4,0.882,1
yor-f-83,3,1723,double,0,2,OPTIMAL,2,0.726,1
yor-f-83,3,1731,double,0,2,OPTIMAL,2,0.664,1
yor-f-83,3,1743,search,0,3,OPTIMAL,3,0.62,1
yor-f-83,3,1750,search,0,3,OPTIMAL,3,0.563,1
yor-f-83,3,1763,search,0,4,OPTIMAL,4,0.635,1
yor-f-83,3,1800,search,0,4,OPTIMAL,4,0.645,1
yor-f-83,3,1821,double,0,2,OPTIMAL,2,0.549,1
yor-f-83,3,1823,search,0,4,OPTIMAL,4,0.728,1
yor-f-83,3,1828,search,0,4,OPTIMAL,4,0.785,1
yor-f-83,3,1833,new_period,1,1,OPTIMAL,7,2.297,0
yor-f-83,3,1893,search,0,3,OPTIMAL,3,0.651,1
yor-f-83,3,1901,search,0,4,OPTIMAL,4,0.659,1
yor-f-83,3,1904,kempe,0,5,OPTIMAL,5,0.875,1
yor-f-83,3,1908,double,0,2,OPTIMAL,2,0.824,1
yor-f-83,3,1943,search,0,3,OPTIMAL,3,0.71,1
yor-f-83,3,1950,search,0,3,OPTIMAL,3,0.858,1
yor-f-83,3,1969,search,0,4,OPTIMAL,4,0.649,1
yor-f-83,3,1984,new_period,1,1,OPTIMAL,5,1.346,0
yor-f-83,4,21,search,0,3,OPTIMAL,3,0.336,1
yor-f-83,4,38,double,0,2,OPTIMAL,2,0.341,1
yor-f-83,4,153,search,0,3,OPTIMAL,3,0.374,1
yor-f-83,4,161,double,0,2,OPTIMAL,2,0.427,1
yor-f-83,4,186,search,0,5,OPTIMAL,5,0.418,1
yor-f-83,4,197,search,0,3,OPTIMAL,3,0.38,1
yor-f-83,4,199,search,0,4,OPTIMAL,4,0.441,1
yor-f-83,4,278,search,0,3,OPTIMAL,3,0.336,1
yor-f-83,4,304,search,0,4,OPTIMAL,4,0.506,1
yor-f-83,4,332,double,0,2,OPTIMAL,2,0.412,1
yor-f-83,4,343,search,0,3,OPTIMAL,3,0.418,1
yor-f-83,4,348,double,0,2,OPTIMAL,2,0.396,1
yor-f-83,4,373,new_period,1,1,FEASIBLE,12,20.218,
yor-f-83,4,453,double,0,2,OPTIMAL,2,0.482,1
yor-f-83,4,533,search,0,4,OPTIMAL,4,0.546,1
yor-f-83,4,553,double,0,2,OPTIMAL,2,0.4,1
yor-f-83,4,594,new_period,1,1,OPTIMAL,5,0.602,0
yor-f-83,4,726,double,0,2,OPTIMAL,2,0.535,1
yor-f-83,4,730,search,0,3,OPTIMAL,3,0.528,1
yor-f-83,4,769,search,0,3,OPTIMAL,3,0.49,1
yor-f-83,4,796,search,0,4,OPTIMAL,4,0.495,1
yor-f-83,4,819,search,0,4,OPTIMAL,4,0.486,1
yor-f-83,4,825,search,0,3,OPTIMAL,3,0.427,1
yor-f-83,4,922,double,0,2,OPTIMAL,2,0.46,1
yor-f-83,4,923,double,0,2,OPTIMAL,2,0.506,1
yor-f-83,4,944,new_period,1,1,OPTIMAL,7,1.769,0
yor-f-83,4,1031,double,0,2,OPTIMAL,2,0.449,1
yor-f-83,4,1047,search,0,4,OPTIMAL,4,0.562,1
yor-f-83,4,1137,search,0,3,OPTIMAL,3,0.507,1
yor-f-83,4,1165,search,0,3,OPTIMAL,3,0.589,1
yor-f-83,4,1178,search,0,3,OPTIMAL,3,0.511,1
yor-f-83,4,1187,new_period,1,1,OPTIMAL,6,1.825,0
yor-f-83,4,1283,search,0,3,OPTIMAL,3,0.596,1
yor-f-83,4,1292,double,0,2,OPTIMAL,2,0.5,1
yor-f-83,4,1320,search,0,4,OPTIMAL,4,0.594,1
yor-f-83,4,1327,double,0,2,OPTIMAL,2,0.532,1
yor-f-83,4,1360,search,0,3,OPTIMAL,3,0.75,1
yor-f-83,4,1430,double,0,2,OPTIMAL,2,0.631,1
yor-f-83,4,1444,search,0,3,OPTIMAL,3,0.542,1
yor-f-83,4,1467,search,0,3,OPTIMAL,3,0.711,1
yor-f-83,4,1482,search,0,4,OPTIMAL,4,0.594,1
yor-f-83,4,1511,search,0,3,OPTIMAL,3,0.569,1
yor-f-83,4,1512,search,0,4,OPTIMAL,4,0.603,1
yor-f-83,4,1544,new_period,1,1,OPTIMAL,7,0.951,0
yor-f-83,4,1545,double,0,2,OPTIMAL,2,0.626,1
yor-f-83,4,1597,kempe,0,3,OPTIMAL,3,0.67,1
yor-f-83,4,1751,search,0,3,OPTIMAL,3,0.623,1
yor-f-83,4,1767,double,0,2,OPTIMAL,2,0.622,1
yor-f-83,4,1833,double,0,2,OPTIMAL,2,0.79,1
yor-f-83,4,1907,double,0,2,OPTIMAL,2,0.619,1
yor-f-83,4,1972,search,0,4,OPTIMAL,4,0.669,1
yor-f-83,4,1991,double,0,2,OPTIMAL,2,0.605,1
