instance,event,tier,peak_bytes,D
car-f-92,0,single,6400,1
car-f-92,1,single,5312,1
car-f-92,2,single,6240,1
car-f-92,3,single,6656,1
car-f-92,4,single,4832,1
car-f-92,5,single,5312,1
car-f-92,6,search,12056,3
car-f-92,7,double,10656,2
car-f-92,8,search,16944,3
car-f-92,9,single,4480,1
car-f-92,10,double,9944,2
car-f-92,11,single,5312,1
car-f-92,12,single,5936,1
car-f-92,13,double,9016,2
car-f-92,14,single,6720,1
car-f-92,15,single,6752,1
car-f-92,16,double,8832,2
car-f-92,17,single,6496,1
car-f-92,18,single,6656,1
car-f-92,19,single,5952,1
car-f-92,20,single,5312,1
car-f-92,21,single,6624,1
car-f-92,22,single,6368,1
car-f-92,23,single,5376,1
car-f-92,24,single,5312,1
car-f-92,25,single,4048,1
car-f-92,26,single,5312,1
car-f-92,27,single,6240,1
car-f-92,28,single,6656,1
car-f-92,29,single,6368,1
car-f-92,30,single,6560,1
car-f-92,31,single,5312,1
car-f-92,32,single,6688,1
car-f-92,33,new_period,18128,1
car-f-92,34,search,9624,3
car-f-92,35,single,5312,1
car-f-92,36,new_period,16088,1
car-f-92,37,single,6896,1
car-f-92,38,single,6656,1
car-f-92,39,search,21660,4
car-f-92,40,single,6656,1
car-f-92,41,search,9952,3
car-f-92,42,single,6688,1
car-f-92,43,single,6592,1
car-f-92,44,single,6720,1
car-f-92,45,kempe,13800,3
car-f-92,46,single,6880,1
car-f-92,47,single,5504,1
car-f-92,48,single,5312,1
car-f-92,49,single,6912,1
car-s-91,0,single,6624,1
car-s-91,1,new_period,22904,1
car-s-91,2,single,6560,1
car-s-91,3,single,6624,1
car-s-91,4,single,6592,1
car-s-91,5,single,6560,1
car-s-91,6,single,5536,1
car-s-91,7,double,7968,2
car-s-91,8,single,6272,1
car-s-91,9,single,5312,1
car-s-91,10,single,6496,1
car-s-91,11,single,6688,1
car-s-91,12,single,3264,1
car-s-91,13,single,5248,1
car-s-91,14,double,10952,2
car-s-91,15,single,6592,1
car-s-91,16,single,5312,1
car-s-91,17,single,3264,1
car-s-91,18,search,9848,3
car-s-91,19,single,6624,1
car-s-91,20,double,9880,2
car-s-91,21,single,5312,1
car-s-91,22,double,9840,2
car-s-91,23,single,5312,1
car-s-91,24,single,3264,1
car-s-91,25,single,6656,1
car-s-91,26,single,6816,1
car-s-91,27,double,10040,2
car-s-91,28,single,6304,1
car-s-91,29,single,6688,1
car-s-91,30,single,6656,1
car-s-91,31,search,12308,3
car-s-91,32,new_period,17984,1
car-s-91,33,single,6752,1
car-s-91,34,double,12784,2
car-s-91,35,single,6976,1
car-s-91,36,single,6624,1
car-s-91,37,single,5312,1
car-s-91,38,double,12760,2
car-s-91,39,single,6848,1
car-s-91,40,single,6816,1
car-s-91,41,single,5768,1
car-s-91,42,single,3784,1
car-s-91,43,double,9080,2
car-s-91,44,single,6432,1
car-s-91,45,single,6560,1
car-s-91,46,single,6528,1
car-s-91,47,single,6944,1
car-s-91,48,single,6880,1
car-s-91,49,new_period,19520,1
ear-f-83,0,single,3264,1
ear-f-83,1,single,3264,1
ear-f-83,2,single,3264,1
ear-f-83,3,single,3264,1
ear-f-83,4,single,4704,1
ear-f-83,5,single,4864,1
ear-f-83,6,single,4768,1
ear-f-83,7,single,3264,1
ear-f-83,8,new_period,32304,1
ear-f-83,9,single,3264,1
ear-f-83,10,double,8192,2
ear-f-83,11,single,3264,1
ear-f-83,12,search,17840,4
ear-f-83,13,single,6112,1
ear-f-83,14,single,3264,1
ear-f-83,15,single,4064,1
ear-f-83,16,single,2336,1
ear-f-83,17,single,6144,1
ear-f-83,18,single,3264,1
ear-f-83,19,search,8808,3
ear-f-83,20,single,2800,1
ear-f-83,21,new_period,19856,1
ear-f-83,22,single,6144,1
ear-f-83,23,single,5312,1
ear-f-83,24,single,5312,1
ear-f-83,25,double,7360,2
ear-f-83,26,single,5984,1
ear-f-83,27,single,3264,1
ear-f-83,28,single,5432,1
ear-f-83,29,single,2904,1
ear-f-83,30,single,5312,1
ear-f-83,31,single,2528,1
ear-f-83,32,single,5312,1
ear-f-83,33,double,7872,2
ear-f-83,34,single,5312,1
ear-f-83,35,single,5856,1
ear-f-83,36,double,8256,2
ear-f-83,37,single,5312,1
ear-f-83,38,single,3320,1
ear-f-83,39,new_period,19328,1
ear-f-83,40,single,6368,1
ear-f-83,41,single,6496,1
ear-f-83,42,single,5312,1
ear-f-83,43,single,4704,1
ear-f-83,44,single,5312,1
ear-f-83,45,search,31600,4
ear-f-83,46,double,8728,2
ear-f-83,47,search,13928,3
ear-f-83,48,single,5312,1
ear-f-83,49,single,5312,1
hec-s-92,0,single,2656,1
hec-s-92,1,single,3288,1
hec-s-92,2,single,2128,1
hec-s-92,3,double,4256,2
hec-s-92,4,double,4576,2
hec-s-92,5,double,5264,2
hec-s-92,6,search,17776,3
hec-s-92,7,single,2656,1
hec-s-92,8,single,2360,1
hec-s-92,9,single,2104,1
hec-s-92,10,single,1912,1
hec-s-92,11,single,2784,1
hec-s-92,12,single,2656,1
hec-s-92,13,single,2400,1
hec-s-92,14,single,2592,1
hec-s-92,15,double,4352,2
hec-s-92,16,search,35752,4
hec-s-92,17,single,2296,1
hec-s-92,18,search,33100,4
hec-s-92,19,double,4272,2
hec-s-92,20,search,18456,3
hec-s-92,21,double,5296,2
hec-s-92,22,search,31100,4
hec-s-92,23,search,13428,3
hec-s-92,24,double,4944,2
hec-s-92,25,search,9720,3
hec-s-92,26,search,8832,3
hec-s-92,27,double,4752,2
hec-s-92,28,double,5144,2
hec-s-92,29,single,2592,1
hec-s-92,30,new_period,32800,1
hec-s-92,31,single,2336,1
hec-s-92,32,search,34004,4
hec-s-92,33,single,3072,1
hec-s-92,34,single,2784,1
hec-s-92,35,double,5504,2
hec-s-92,36,new_period,35072,1
hec-s-92,37,double,6880,2
kfu-s-93,0,single,2472,1
kfu-s-93,1,single,4736,1
kfu-s-93,2,single,3048,1
kfu-s-93,3,single,3264,1
kfu-s-93,4,single,2664,1
kfu-s-93,5,single,2824,1
kfu-s-93,6,double,6080,2
kfu-s-93,7,single,3264,1
kfu-s-93,8,single,3368,1
kfu-s-93,9,single,2600,1
kfu-s-93,10,single,2600,1
kfu-s-93,11,single,3264,1
kfu-s-93,12,double,7936,2
kfu-s-93,13,single,3264,1
kfu-s-93,14,single,4704,1
kfu-s-93,15,single,2632,1
kfu-s-93,16,single,2920,1
kfu-s-93,17,single,3264,1
kfu-s-93,18,single,2536,1
kfu-s-93,19,single,3264,1
kfu-s-93,20,single,2984,1
kfu-s-93,21,single,3264,1
kfu-s-93,22,single,2600,1
kfu-s-93,23,single,2856,1
kfu-s-93,24,single,3264,1
kfu-s-93,25,single,3264,1
kfu-s-93,26,single,4640,1
kfu-s-93,27,single,2496,1
kfu-s-93,28,single,2480,1
kfu-s-93,29,single,4800,1
kfu-s-93,30,single,2632,1
kfu-s-93,31,single,2608,1
kfu-s-93,32,single,3496,1
kfu-s-93,33,single,2816,1
kfu-s-93,34,single,3176,1
kfu-s-93,35,single,3208,1
kfu-s-93,36,single,3264,1
kfu-s-93,37,single,3208,1
kfu-s-93,38,single,4544,1
kfu-s-93,39,single,4992,1
kfu-s-93,40,single,3264,1
kfu-s-93,41,single,3112,1
kfu-s-93,42,single,4864,1
kfu-s-93,43,single,4864,1
kfu-s-93,44,single,4640,1
kfu-s-93,45,single,3264,1
kfu-s-93,46,single,4768,1
kfu-s-93,47,single,4960,1
kfu-s-93,48,single,3264,1
kfu-s-93,49,single,3112,1
lse-f-91,0,single,2400,1
lse-f-91,1,single,2128,1
lse-f-91,2,single,2608,1
lse-f-91,3,single,2720,1
lse-f-91,4,double,4544,2
lse-f-91,5,single,2800,1
lse-f-91,6,single,2720,1
lse-f-91,7,single,2592,1
lse-f-91,8,single,2864,1
lse-f-91,9,single,2160,1
lse-f-91,10,search,18232,4
lse-f-91,11,single,2800,1
lse-f-91,12,double,4784,2
lse-f-91,13,single,2576,1
lse-f-91,14,single,2560,1
lse-f-91,15,single,2672,1
lse-f-91,16,single,2384,1
lse-f-91,17,search,36536,4
lse-f-91,18,single,2752,1
lse-f-91,19,single,2624,1
lse-f-91,20,single,2640,1
lse-f-91,21,single,2352,1
lse-f-91,22,single,2768,1
lse-f-91,23,single,2896,1
lse-f-91,24,single,2864,1
lse-f-91,25,single,2864,1
lse-f-91,26,single,2496,1
lse-f-91,27,single,2432,1
lse-f-91,28,single,2656,1
lse-f-91,29,search,24680,4
lse-f-91,30,single,2496,1
lse-f-91,31,single,2096,1
lse-f-91,32,single,2752,1
lse-f-91,33,single,2192,1
lse-f-91,34,single,2464,1
lse-f-91,35,single,2384,1
lse-f-91,36,search,14648,3
lse-f-91,37,single,2576,1
lse-f-91,38,single,2560,1
lse-f-91,39,single,1824,1
lse-f-91,40,single,2496,1
lse-f-91,41,single,2592,1
lse-f-91,42,single,2624,1
lse-f-91,43,single,2048,1
lse-f-91,44,single,2752,1
lse-f-91,45,single,2384,1
lse-f-91,46,single,2752,1
lse-f-91,47,single,2688,1
lse-f-91,48,single,1744,1
lse-f-91,49,single,2288,1
pur-s-93,0,single,5312,1
pur-s-93,1,single,5312,1
pur-s-93,2,single,5536,1
pur-s-93,3,single,7072,1
pur-s-93,4,single,5312,1
pur-s-93,5,single,6976,1
pur-s-93,6,single,5312,1
pur-s-93,7,single,4672,1
pur-s-93,8,single,5312,1
pur-s-93,9,single,4224,1
pur-s-93,10,single,5312,1
pur-s-93,11,single,7136,1
pur-s-93,12,single,7072,1
pur-s-93,13,single,5824,1
pur-s-93,14,single,5312,1
pur-s-93,15,single,6752,1
pur-s-93,16,single,7072,1
pur-s-93,17,single,6528,1
pur-s-93,18,single,6656,1
pur-s-93,19,single,6784,1
pur-s-93,20,single,6944,1
pur-s-93,21,single,7104,1
pur-s-93,22,single,4864,1
pur-s-93,23,search,22288,3
pur-s-93,24,single,5312,1
pur-s-93,25,single,5312,1
pur-s-93,26,single,6816,1
pur-s-93,27,single,7104,1
pur-s-93,28,single,7104,1
pur-s-93,29,single,6880,1
pur-s-93,30,single,4096,1
pur-s-93,31,single,5408,1
pur-s-93,32,single,7040,1
pur-s-93,33,single,5312,1
pur-s-93,34,double,11480,2
pur-s-93,35,new_period,21424,1
pur-s-93,36,single,6408,1
pur-s-93,37,single,6624,1
pur-s-93,38,single,6976,1
pur-s-93,39,single,5312,1
pur-s-93,40,single,5312,1
pur-s-93,41,single,5312,1
pur-s-93,42,single,4392,1
pur-s-93,43,single,6912,1
pur-s-93,44,single,7072,1
pur-s-93,45,single,7136,1
pur-s-93,46,single,7072,1
pur-s-93,47,single,7008,1
pur-s-93,48,single,5312,1
pur-s-93,49,single,5312,1
rye-s-93,0,single,3584,1
rye-s-93,1,single,4512,1
rye-s-93,2,single,5504,1
rye-s-93,3,single,4896,1
rye-s-93,4,single,4416,1
rye-s-93,5,single,3680,1
rye-s-93,6,single,5312,1
rye-s-93,7,double,8280,2
rye-s-93,8,single,4384,1
rye-s-93,9,double,10000,2
rye-s-93,10,single,5440,1
rye-s-93,11,single,4800,1
rye-s-93,12,single,3264,1
rye-s-93,13,single,3264,1
rye-s-93,14,single,3712,1
rye-s-93,15,single,4320,1
rye-s-93,16,single,3264,1
rye-s-93,17,single,6400,1
rye-s-93,18,single,3584,1
rye-s-93,19,single,3264,1
rye-s-93,20,new_period,19696,1
rye-s-93,21,single,6464,1
rye-s-93,22,single,4320,1
rye-s-93,23,single,6464,1
rye-s-93,24,single,5352,1
rye-s-93,25,single,3264,1
rye-s-93,26,single,4008,1
rye-s-93,27,single,5216,1
rye-s-93,28,single,4480,1
rye-s-93,29,single,4576,1
rye-s-93,30,search,16920,3
sta-f-83,0,single,2272,1
sta-f-83,1,single,2032,1
sta-f-83,2,single,2528,1
sta-f-83,3,single,1728,1
sta-f-83,4,single,2576,1
sta-f-83,5,single,1936,1
sta-f-83,6,single,2336,1
sta-f-83,7,single,2304,1
sta-f-83,8,single,2096,1
sta-f-83,9,new_period,38496,1
sta-f-83,10,single,2528,1
sta-f-83,11,single,2648,1
tre-s-92,0,single,3264,1
tre-s-92,1,single,4512,1
tre-s-92,2,single,3264,1
tre-s-92,3,single,3264,1
tre-s-92,4,single,3432,1
tre-s-92,5,single,3208,1
tre-s-92,6,double,6304,2
tre-s-92,7,single,2664,1
tre-s-92,8,single,4448,1
tre-s-92,9,search,14608,3
tre-s-92,10,single,3048,1
tre-s-92,11,single,3264,1
tre-s-92,12,single,3264,1
tre-s-92,13,search,11700,3
tre-s-92,14,search,12600,3
tre-s-92,15,single,3264,1
tre-s-92,16,search,25148,5
tre-s-92,17,single,3080,1
tre-s-92,18,single,4768,1
tre-s-92,19,single,4896,1
tre-s-92,20,single,3368,1
tre-s-92,21,single,4512,1
tre-s-92,22,double,5728,2
tre-s-92,23,double,6080,2
tre-s-92,24,single,3264,1
tre-s-92,25,single,4448,1
tre-s-92,26,new_period,23936,1
tre-s-92,27,single,6176,1
tre-s-92,28,single,4384,1
tre-s-92,29,single,5312,1
tre-s-92,30,single,3056,1
tre-s-92,31,search,9544,3
tre-s-92,32,single,4928,1
tre-s-92,33,single,2672,1
tre-s-92,34,single,3264,1
tre-s-92,35,single,4480,1
tre-s-92,36,search,9832,3
tre-s-92,37,single,2800,1
tre-s-92,38,single,3264,1
tre-s-92,39,search,8680,3
tre-s-92,40,single,3264,1
tre-s-92,41,single,3264,1
tre-s-92,42,single,4384,1
tre-s-92,43,single,5312,1
tre-s-92,44,single,4928,1
tre-s-92,45,search,14028,4
tre-s-92,46,single,3152,1
tre-s-92,47,single,4576,1
tre-s-92,48,single,4736,1
tre-s-92,49,double,8224,2
uta-s-92,0,single,6656,1
uta-s-92,1,single,6752,1
uta-s-92,2,single,6912,1
uta-s-92,3,search,16776,3
uta-s-92,4,new_period,16224,1
uta-s-92,5,single,6656,1
uta-s-92,6,single,7232,1
uta-s-92,7,single,5312,1
uta-s-92,8,single,5312,1
uta-s-92,9,single,5312,1
uta-s-92,10,single,5312,1
uta-s-92,11,single,6688,1
uta-s-92,12,single,5216,1
uta-s-92,13,double,11016,2
uta-s-92,14,single,6400,1
uta-s-92,15,single,6464,1
uta-s-92,16,single,5312,1
uta-s-92,17,single,6752,1
uta-s-92,18,single,6656,1
uta-s-92,19,single,6784,1
uta-s-92,20,double,10296,2
uta-s-92,21,single,6496,1
uta-s-92,22,single,6944,1
uta-s-92,23,single,6560,1
uta-s-92,24,single,4736,1
uta-s-92,25,single,6912,1
uta-s-92,26,search,9452,3
uta-s-92,27,single,6496,1
uta-s-92,28,new_period,15672,1
uta-s-92,29,single,6912,1
uta-s-92,30,single,5312,1
uta-s-92,31,single,7008,1
uta-s-92,32,single,6496,1
uta-s-92,33,single,6688,1
uta-s-92,34,single,6016,1
uta-s-92,35,single,6720,1
uta-s-92,36,search,9528,3
uta-s-92,37,single,6304,1
uta-s-92,38,new_period,15296,1
uta-s-92,39,single,6784,1
uta-s-92,40,single,6400,1
uta-s-92,41,single,7232,1
uta-s-92,42,single,7008,1
uta-s-92,43,single,7072,1
uta-s-92,44,single,6976,1
uta-s-92,45,single,7072,1
uta-s-92,46,single,6560,1
uta-s-92,47,single,7104,1
uta-s-92,48,single,5312,1
uta-s-92,49,single,3264,1
ute-s-92,0,single,1656,1
ute-s-92,1,single,2368,1
ute-s-92,2,single,1632,1
ute-s-92,3,single,2464,1
ute-s-92,4,single,2432,1
ute-s-92,5,single,2432,1
ute-s-92,6,new_period,43960,1
ute-s-92,7,single,2064,1
ute-s-92,8,single,2560,1
ute-s-92,9,single,2336,1
ute-s-92,10,single,2400,1
ute-s-92,11,single,2368,1
ute-s-92,12,single,2176,1
ute-s-92,13,single,1856,1
ute-s-92,14,single,1760,1
ute-s-92,15,single,2560,1
ute-s-92,16,single,2464,1
ute-s-92,17,single,2496,1
ute-s-92,18,single,1968,1
ute-s-92,19,single,2400,1
ute-s-92,20,single,1808,1
ute-s-92,21,single,2464,1
ute-s-92,22,single,2560,1
ute-s-92,23,single,2032,1
ute-s-92,24,single,2560,1
ute-s-92,25,single,2400,1
yor-f-83,0,single,2400,1
yor-f-83,1,single,2560,1
yor-f-83,2,single,1968,1
yor-f-83,3,single,2320,1
yor-f-83,4,single,1840,1
yor-f-83,5,single,1872,1
yor-f-83,6,double,4168,2
yor-f-83,7,single,2368,1
yor-f-83,8,single,2432,1
yor-f-83,9,single,2704,1
yor-f-83,10,single,1728,1
yor-f-83,11,single,1872,1
yor-f-83,12,single,2432,1
yor-f-83,13,single,2496,1
yor-f-83,14,single,2000,1
yor-f-83,15,single,2224,1
yor-f-83,16,search,24624,5
yor-f-83,17,search,33920,5
yor-f-83,18,single,2464,1
yor-f-83,19,search,12032,3
yor-f-83,20,single,2512,1
yor-f-83,21,double,4128,2
yor-f-83,22,single,2576,1
yor-f-83,23,new_period,34296,1
yor-f-83,24,single,2400,1
yor-f-83,25,single,2616,1
yor-f-83,26,single,2680,1
yor-f-83,27,single,2688,1
yor-f-83,28,search,15632,3
yor-f-83,29,single,2272,1
yor-f-83,30,single,2592,1
yor-f-83,31,single,1936,1
yor-f-83,32,single,1856,1
yor-f-83,33,double,4256,2
yor-f-83,34,single,2648,1
yor-f-83,35,search,37288,4
yor-f-83,36,search,37224,4
yor-f-83,37,single,2592,1
yor-f-83,38,search,33976,4
yor-f-83,39,single,2744,1
yor-f-83,40,search,21920,4
yor-f-83,41,kempe,12176,3
yor-f-83,42,search,13096,3
yor-f-83,43,double,4384,2
yor-f-83,44,search,36336,4
yor-f-83,45,double,4256,2
yor-f-83,46,search,7912,3
yor-f-83,47,single,2656,1
yor-f-83,48,double,4432,2
yor-f-83,49,double,4720,2
