instance,condition,seed,method,T,clash_events,k0,k_final,periods_added,total_D,total_W,cum_dP_raw,P0_raw,rel_repair_dP,P_final,n_single,n_double,n_kempe,n_search,n_new,search_exhausted,n_recompute,max_D,lat_clash_median_us,lat_clash_p95_us,lat_all_median_us,valid,hash,n,m,max_degree,students,build_s,wall_s
synth-n500-s3,tight,3,TBRPLUS,200,15,34,34,0,15,195,-1098,98083,-0.011194600491420532,24.63025,15,0,0,0,0,0,0,1,92.7,164.57,6.03,1,cdda0f8109174ffaa662f2eaee250cb021bd0c4102d65c46f656f49ab757499c,500,15332,493,4000,0.23,0.02
synth-n500-s3,tight,3,RECOMPUTE,200,14,34,34,0,85,1376,-248,98083,-0.0025284707849474427,24.84575,0,0,0,0,0,0,14,28,18053.6,25612.12,5.85,1,22c858157912da62e3b183db29dba0e7687244f7416edf401d86cd31f6a68b5c,500,15332,493,4000,0.23,0.29
synth-n500-s4,tight,4,TBRPLUS,200,21,34,35,1,23,649,-3725,100765,-0.03696720091301543,24.74925,19,0,1,0,1,2,0,3,103.58,129485.12,7.56,1,4332be3e01becc94ebdfbe7bece7639a74f327f2344aef4021a60400e1efddec,500,15582,496,4000,0.24,0.29
synth-n500-s4,tight,4,RECOMPUTE,200,21,34,35,1,472,11721,-1560,100765,-0.015481566019947402,25.30875,0,0,0,0,0,0,21,96,16298.48,20769.52,6.49,1,0d66b192972e2614689322ed8d4dbbe35e7063def007bd71d0665f2bae0e7621,500,15582,496,4000,0.24,0.39
synth-n500-s5,tight,5,TBRPLUS,200,20,35,35,0,22,532,-2777,100229,-0.02770655199592932,24.87075,18,2,0,0,0,0,0,2,89.55,609.57,6.45,1,2080208bcc6cfba99dccf9212cc591b673461a28a37acba7c4e8355e9010e75d,500,15709,491,4000,0.24,0.02
synth-n500-s5,tight,5,RECOMPUTE,200,18,35,35,0,469,9887,-1193,100229,-0.011902742719173093,25.27825,0,0,0,0,0,0,18,115,18034.26,26423.48,6.46,1,dd5bc33057fd46fabc68b06ee6a62f29304a5b64cb4c19d15ef03684b7fb1655,500,15709,491,4000,0.24,0.38
synth-n1000-s3,tight,3,TBRPLUS,200,14,42,42,0,15,469,-1630,183397,-0.008887822592517872,22.939,13,1,0,0,0,0,0,2,114.46,812.12,7.25,1,9ecdf305c83705ab3a72bfc734a4cec1dc2fdcc5ae4ea46b6e97fd25a3087edd,1000,34027,985,8000,0.5,0.04
synth-n1000-s3,tight,3,RECOMPUTE,200,11,42,42,0,582,14999,-618,183397,-0.0033697388725006405,23.069125,0,0,0,0,0,0,11,153,46804.64,58874.98,6.96,1,61ef40b423d3a744328af91412504aae7a73b33b7b453d90b9ba38354c9ee490,1000,34027,985,8000,0.5,0.58
synth-n1000-s4,tight,4,TBRPLUS,200,17,40,41,1,18,505,-3366,183561,-0.018337228496249202,22.749375,15,1,0,0,1,1,0,2,99.15,22768.44,7.45,1,45a0a17bf7c6626b6bf4d0f77d4705fd018a087b7aa30f9c4490fd1ad74d9741,1000,33934,986,8000,0.51,0.15
synth-n1000-s4,tight,4,RECOMPUTE,200,19,40,40,0,605,10784,-1201,183561,-0.006542784142601097,23.01975,0,0,0,0,0,0,19,235,44379.42,49380.5,7.7,1,4b3f8c199c2ad1253c17947c79d014e580009a31270108006537b4365a1b99ef,1000,33934,986,8000,0.51,0.93
synth-n1000-s5,tight,5,TBRPLUS,200,22,43,44,1,22,415,-2386,183709,-0.012987932001154,22.857625,21,0,0,0,1,1,0,1,106.3,192.38,8.16,1,d963e53efbd5264f4d8fcf62dff4add9bc14c78e3dc9ec6e6201e7a020f89074,1000,34461,987,8000,0.5,0.15
synth-n1000-s5,tight,5,RECOMPUTE,200,22,43,43,0,493,9787,-494,183709,-0.0026890353766010375,23.101375,0,0,0,0,0,0,22,105,44987.57,46763.06,7.84,1,e032f878036e685ef04b75f23542736a113f4fc10fe200b3aa08a7373fb319a5,1000,34461,987,8000,0.5,1.05
synth-n2000-s3,tight,3,TBRPLUS,200,16,51,52,1,17,721,-2631,338076,-0.0077822738082561314,21.0586875,14,1,0,0,1,1,0,2,143.07,38525.42,8.61,1,aa7645a199930097f44399e443dd62f493ce37454da34c9a9a7cfafe9818b62e,2000,72459,1948,16000,1.16,0.25
synth-n2000-s3,tight,3,RECOMPUTE,200,17,51,52,1,1447,28606,-1024,338076,-0.0030289047433121547,21.1580625,0,0,0,0,0,0,17,349,118984.96,145474.94,8.67,1,36697a1b9bedd1ed05d58b3be1e8334d47e25deec0c20b1aa85c34b0e0b12556,2000,72459,1948,16000,1.16,2.17
synth-n2000-s4,tight,4,TBRPLUS,200,13,52,52,0,13,254,-2401,340784,-0.007045518568946899,21.234875,13,0,0,0,0,0,0,1,155.15,10635.86,7.89,1,6ef8d3937bcdd5d59b1e7c7509add22f0ab3a495530f98090a7641ebab772a8b,2000,72769,1948,16000,1.17,0.1
synth-n2000-s4,tight,4,RECOMPUTE,200,16,52,52,0,351,5446,-289,340784,-0.0008480445091318842,21.365,0,0,0,0,0,0,16,95,120398.83,132802.41,8.57,1,c6bd69a12ebe5d6d2af58bc49700b5c6275bdd41b3a3d995acf2e03a8cac16b7,2000,72769,1948,16000,1.17,2.04
synth-n2000-s5,tight,5,TBRPLUS,200,18,53,53,0,19,453,-2087,335929,-0.006212622310071474,20.9691875,17,1,0,0,0,0,0,2,128.37,453.56,8.32,1,48a54651f41a71be8ffbb098373afe468d3e427910366c558dcc0ad9936829d3,2000,72853,1938,16000,1.19,0.08
synth-n2000-s5,tight,5,RECOMPUTE,200,17,53,53,0,740,16106,715,335929,0.0021284259471495465,21.1483125,0,0,0,0,0,0,17,309,122828.18,151581.85,9.27,1,f1b12737145f1228da42b368fc38e7d11fbcb10ebcab6e2a0b1ccdf690bfaf13,2000,72853,1938,16000,1.19,2.23
synth-n4000-s3,tight,3,TBRPLUS,200,16,64,65,1,16,689,-2265,620110,-0.0036525777684604343,19.3486875,15,0,0,0,1,1,0,1,217.46,46812.19,10.84,1,1d369349a4b0ddd31ecffa7ae1e9c5552b4729bc67461e59bbda124f6fa9db2c,4000,152522,3838,32000,3.01,0.36
synth-n4000-s3,tight,3,RECOMPUTE,200,17,64,64,0,1357,39192,335,620110,0.0005402267339665543,19.430875,0,0,0,0,0,0,17,503,329503.84,382707.8,10.24,1,78d0f21c64152df16feb081e9f0204e2e52c29fd0fc0cdf00b6edc3dd50ee98b,4000,152522,3838,32000,3.01,5.94
synth-n4000-s4,tight,4,TBRPLUS,200,20,64,64,0,20,232,-2445,626902,-0.003900131120972656,19.56159375,20,0,0,0,0,0,0,1,165.69,219.32,9.04,1,7123c190948da8b9c3e7d878d56a051bdc0a7299114fba3745be0ef201a27220,4000,152844,3834,32000,3.07,0.14
synth-n4000-s4,tight,4,RECOMPUTE,200,20,64,64,0,126,1451,-183,626902,-0.0002919116544531681,19.6323125,0,0,0,0,0,0,20,37,324815.61,375523.95,10.0,1,b52ae3009858bc7418f8f5b7f5152a84e7deea8a78089ee3b1de000edea98040,4000,152844,3834,32000,3.07,6.75
synth-n4000-s5,tight,5,TBRPLUS,200,22,65,65,0,22,446,-2661,624819,-0.004258833358140517,19.4925625,22,0,0,0,0,0,0,1,182.69,368.3,9.98,1,37bca858a22a8d7f79a10fb51f34d10f44a5b422f5e540570567fb5587e83e7e,4000,152933,3856,32000,3.04,0.15
synth-n4000-s5,tight,5,RECOMPUTE,200,21,65,65,0,331,7706,-827,624819,-0.0013235833097264968,19.55084375,0,0,0,0,0,0,21,263,345430.59,387195.77,10.69,1,12d68a3ac063ac497c3d9213bc035bffdc7c02f6607dc5a8f0d0c04adeb726a4,4000,152933,3856,32000,3.04,7.54
synth-n8000-s3,tight,3,TBRPLUS,200,24,80,80,0,24,435,-3427,1151434,-0.002976288697398201,17.958515625,24,0,0,0,0,0,0,1,343.28,439.14,12.48,1,b7317b9abb2a1cc61f14e918d43d4926a1329790994dce837b11750c7c390e4f,8000,316690,7558,64000,8.52,0.31
synth-n8000-s3,tight,3,RECOMPUTE,200,24,80,80,0,341,4683,-140,1151434,-0.00012158751608863382,18.010453125,0,0,0,0,0,0,24,110,882467.13,966679.49,12.09,1,7cbd992785c51db2551ce7742ae462a12f8a039af1902395cad7bf19b1f758f5,8000,316690,7558,64000,8.52,21.67
synth-n8000-s4,tight,4,TBRPLUS,200,11,82,82,0,11,184,-1466,1156636,-0.0012674687628605715,18.067921875,11,0,0,0,0,0,0,1,382.5,508.0,12.71,1,c58bbad9dcd9fb1e5052173ffa5acb3f54d015e98f0b098b8506bae1b5c742d8,8000,316872,7557,64000,8.69,0.31
synth-n8000-s4,tight,4,RECOMPUTE,200,11,82,82,0,301,5336,-606,1156636,-0.000523933199381655,18.081421875,0,0,0,0,0,0,11,243,961139.6,1010783.87,11.3,1,8c28090694d0998cb2036eac39128b3ae488f2893c7f649186daf64926da2e89,8000,316872,7557,64000,8.69,10.94
synth-n8000-s5,tight,5,TBRPLUS,200,19,81,81,0,20,1433,-2939,1154252,-0.0025462377366467634,18.009671875,18,1,0,0,0,0,0,2,395.41,1307.25,12.27,1,10dd599b2ecd34a660656679691c45fffa9827740c269b93699bcd421344774a,8000,319186,7575,64000,8.55,0.3
synth-n8000-s5,tight,5,RECOMPUTE,200,19,81,81,0,1892,48869,157,1154252,0.00013601882431219526,18.0580625,0,0,0,0,0,0,19,716,902694.55,973395.4,11.68,1,4635c026966ffa93921571748b6ca194d11ce8c926c6bb4330f6976c940accad,8000,319186,7575,64000,8.55,17.78
