instance,method,n,median,p95,max
car-f-92,ONE_BLOCKER,105,204.23,490.8419999999999,707.41
car-f-92,RECOMPUTE,94,25084.17,49338.4435,54315.91
car-f-92,SINGLE,104,170.39,395.0964999999999,687.27
car-f-92,TBR,105,195.45,697.9799999999997,2887.68
car-f-92,TBRPLUS,105,199.76,886.7479999999994,44659.28
car-f-92,TBRPLUS_N20000,105,195.48,663.6139999999997,89159.3
car-s-91,ONE_BLOCKER,166,223.9,512.7625,832.07
car-s-91,RECOMPUTE,156,39690.490000000005,64631.4425,74658.97
car-s-91,SINGLE,166,210.39,367.56,589.14
car-s-91,TBR,166,223.62,566.845,2872.65
car-s-91,TBRPLUS,166,227.14,6495.8375,80970.74
car-s-91,TBRPLUS_N20000,165,222.88,6918.281999999866,523703.51
ear-f-83,ONE_BLOCKER,173,104.68,270.68800000000005,481.01
ear-f-83,RECOMPUTE,180,4807.67,5825.375999999996,20171.19
ear-f-83,SINGLE,170,87.52000000000001,187.4714999999999,208.25
ear-f-83,TBR,173,103.88,1488.5000000000007,2353.51
ear-f-83,TBRPLUS,172,112.78999999999999,21784.5539999999,30694.93
ear-f-83,TBRPLUS_N20000,172,111.075,24950.973499999844,275111.7
hec-s-92,ONE_BLOCKER,54,104.71000000000001,282.9675,295.23
hec-s-92,RECOMPUTE,52,1034.51,1267.5720000000001,2281.67
hec-s-92,SINGLE,54,68.94,138.74699999999999,163.46
hec-s-92,TBR,54,105.855,1247.8265,1297.88
hec-s-92,TBRPLUS,52,114.135,17881.1825,18764.78
hec-s-92,TBRPLUS_N20000,54,119.575,27974.3595,39859.16
kfu-s-93,ONE_BLOCKER,124,69.56,271.35699999999997,462.69
kfu-s-93,RECOMPUTE,118,6161.245,8229.866,14660.51
kfu-s-93,SINGLE,124,70.57,243.603,294.48
kfu-s-93,TBR,124,72.715,275.0724999999998,1117.15
kfu-s-93,TBRPLUS,124,70.57,281.0369999999999,32157.18
kfu-s-93,TBRPLUS_N20000,124,73.67,274.41849999999994,349100.92
lse-f-91,ONE_BLOCKER,202,82.575,145.85399999999996,337.83
lse-f-91,RECOMPUTE,230,4576.21,5544.007,7298.5
lse-f-91,SINGLE,202,80.75,131.94,207.02
lse-f-91,TBR,202,81.285,172.3024999999999,1256.96
lse-f-91,TBRPLUS,202,81.81,214.47649999999987,26754.33
lse-f-91,TBRPLUS_N20000,202,81.10499999999999,221.63899999999992,36571.19
pur-s-93,ONE_BLOCKER,230,178.785,768.3474999999999,953.67
pur-s-93,RECOMPUTE,224,144116.985,188030.1165,206706.09
pur-s-93,SINGLE,230,179.445,746.8865,951.32
pur-s-93,TBR,230,177.925,766.269,3495.84
pur-s-93,TBRPLUS,230,180.035,769.9375,102949.69
pur-s-93,TBRPLUS_N20000,230,186.76999999999998,779.9609999999997,336135.9
rye-s-93,ONE_BLOCKER,86,162.55,397.75,493.42
rye-s-93,RECOMPUTE,92,10073.73,13634.282000000001,36326.94
rye-s-93,SINGLE,86,154.325,305.16999999999996,353.89
rye-s-93,TBR,86,160.235,333.3175,1423.39
rye-s-93,TBRPLUS,86,152.22,310.555,36133.79
rye-s-93,TBRPLUS_N20000,86,159.83999999999997,404.525,294150.86
sta-f-83,ONE_BLOCKER,24,84.2,194.14649999999997,333.04
sta-f-83,RECOMPUTE,24,1348.9,1486.8405,1508.32
sta-f-83,SINGLE,24,68.07499999999999,128.75499999999997,167.68
sta-f-83,TBR,24,79.87,570.593,578.42
sta-f-83,TBRPLUS,24,77.525,22755.248499999998,23592.47
sta-f-83,TBRPLUS_N20000,24,77.03,226389.26749999996,230235.46
tre-s-92,ONE_BLOCKER,166,119.38,298.3125,507.55
tre-s-92,RECOMPUTE,210,6352.915000000001,7641.904999999996,8905.46
tre-s-92,SINGLE,166,106.11500000000001,178.76999999999998,217.84
tre-s-92,TBR,166,116.965,433.15999999999997,1691.17
tre-s-92,TBRPLUS,166,121.305,373.0775,26888.71
tre-s-92,TBRPLUS_N20000,166,120.05,415.64,259783.09
uta-s-92,ONE_BLOCKER,142,200.84,435.09549999999996,735.95
uta-s-92,RECOMPUTE,152,30806.574999999997,41331.134499999964,69011.03
uta-s-92,SINGLE,142,175.725,373.295,440.25
uta-s-92,TBR,142,197.03,2460.1919999999777,4607.4
uta-s-92,TBRPLUS,142,193.94,603.122,60772.59
uta-s-92,TBRPLUS_N20000,142,194.95999999999998,850.2054999999976,613687.14
ute-s-92,ONE_BLOCKER,66,72.815,210.665,1654.56
ute-s-92,RECOMPUTE,70,1469.38,1837.2504999999999,2781.51
ute-s-92,SINGLE,66,66.985,186.34,265.21
ute-s-92,TBR,66,73.905,245.1175,301.53
ute-s-92,TBRPLUS,64,70.355,235.62899999999993,10533.93
ute-s-92,TBRPLUS_N20000,64,70.57,295.71749999999963,107036.05
yor-f-83,ONE_BLOCKER,226,110.65,309.6425,485.08
yor-f-83,RECOMPUTE,192,4573.665,5280.205,24288.21
yor-f-83,SINGLE,225,98.9,163.43399999999994,196.22
yor-f-83,TBR,226,110.775,1117.625,1451.37
yor-f-83,TBRPLUS,227,111.54,17884.817,27952.59
yor-f-83,TBRPLUS_N20000,227,114.51,17821.66,238106.56
