instance,condition,method,seeds,clash_mean,D_median,D_q1,D_q3,W_median,added_median,added_mean,added_total,relP_median,n_single,n_double,n_kempe,n_new,maxD,valid_all
car-f-92,official,ONE_BLOCKER,10,5.2,5.0,4.0,6.0,367.5,0.0,0.0,0,-0.014474399056115299,52,0,0,0,1,1
car-f-92,official,RECOMPUTE,10,4.7,615.0,500.0,748.25,40397.0,0.0,0.0,0,-0.01679644229490205,0,0,0,0,328,1
car-f-92,official,SINGLE,10,5.2,5.0,4.0,6.0,367.5,0.0,0.0,0,-0.014474399056115299,52,0,0,0,1,1
car-f-92,official,TBR,10,5.2,5.0,4.0,6.0,367.5,0.0,0.0,0,-0.014474399056115299,52,0,0,0,1,1
car-f-92,official,TBRPLUS,10,5.2,5.0,4.0,6.0,367.5,0.0,0.0,0,-0.014474399056115299,52,0,0,0,1,1
car-f-92,official,TBRPLUS_N20000,10,5.2,5.0,4.0,6.0,367.5,0.0,0.0,0,-0.014474399056115299,52,0,0,0,1,1
car-f-92,tight,ONE_BLOCKER,10,5.3,5.0,4.25,6.0,428.0,0.0,0.4,4,-0.0129461457256417,46,3,0,4,2,1
car-f-92,tight,RECOMPUTE,10,4.7,615.0,500.0,748.25,40397.0,0.0,0.0,0,-0.01679644229490205,0,0,0,0,328,1
car-f-92,tight,SINGLE,10,5.2,5.0,4.0,6.0,390.0,0.0,0.6,6,-0.0129461457256417,46,0,0,6,1,1
car-f-92,tight,TBR,10,5.3,5.0,4.25,6.0,428.0,0.0,0.4,4,-0.0129461457256417,46,3,0,4,2,1
car-f-92,tight,TBRPLUS,10,5.3,6.0,5.0,7.5,607.0,0.0,0.1,1,-0.0129461457256417,44,4,0,1,3,1
car-f-92,tight,TBRPLUS_N20000,10,5.3,6.0,5.0,7.5,607.0,0.0,0.0,0,-0.0129461457256417,44,4,0,0,5,1
car-s-91,official,ONE_BLOCKER,10,8.3,7.5,6.25,10.75,544.0,0.0,0.0,0,-0.022141225212195248,83,0,0,0,1,1
car-s-91,official,RECOMPUTE,10,7.8,1404.5,1088.0,1488.75,78304.5,0.0,0.0,0,-0.0525297411155779,0,0,0,0,520,1
car-s-91,official,SINGLE,10,8.3,7.5,6.25,10.75,544.0,0.0,0.0,0,-0.022141225212195248,83,0,0,0,1,1
car-s-91,official,TBR,10,8.3,7.5,6.25,10.75,544.0,0.0,0.0,0,-0.022141225212195248,83,0,0,0,1,1
car-s-91,official,TBRPLUS,10,8.3,7.5,6.25,10.75,544.0,0.0,0.0,0,-0.022141225212195248,83,0,0,0,1,1
car-s-91,official,TBRPLUS_N20000,10,8.3,7.5,6.25,10.75,544.0,0.0,0.0,0,-0.022141225212195248,83,0,0,0,1,1
car-s-91,tight,ONE_BLOCKER,10,8.3,8.0,6.25,10.75,585.0,1.0,0.8,8,-0.018219625127298,73,2,0,8,2,1
car-s-91,tight,RECOMPUTE,10,7.8,1404.5,1088.0,1488.75,78304.5,0.5,0.7,7,-0.0525297411155779,0,0,0,0,520,1
car-s-91,tight,SINGLE,10,8.3,7.5,6.25,10.75,544.5,1.0,0.8,8,-0.01896682630585515,75,0,0,8,1,1
car-s-91,tight,TBR,10,8.3,8.0,6.25,10.75,585.0,1.0,0.8,8,-0.018219625127298,73,2,0,8,2,1
car-s-91,tight,TBRPLUS,10,8.3,9.5,6.25,12.75,736.5,0.0,0.4,4,-0.01842095389717925,71,3,0,4,4,1
car-s-91,tight,TBRPLUS_N20000,10,8.2,9.5,6.25,13.75,736.5,0.0,0.3,3,-0.01842095389717925,70,3,0,3,5,1
ear-f-83,official,ONE_BLOCKER,10,8.5,9.0,8.0,10.0,282.5,0.0,0.4,4,-0.04628356927325715,77,4,0,4,2,1
ear-f-83,official,RECOMPUTE,10,9.0,278.0,210.75,452.75,8868.5,0.0,0.0,0,-0.07334106256502296,0,0,0,0,108,1
ear-f-83,official,SINGLE,10,8.5,8.5,8.0,9.75,250.5,0.5,0.6,6,-0.048882555333114905,79,0,0,6,1,1
ear-f-83,official,TBR,10,8.5,9.0,8.0,10.0,282.5,0.0,0.4,4,-0.04628356927325715,77,4,0,4,2,1
ear-f-83,official,TBRPLUS,10,8.5,10.0,8.25,11.0,331.5,0.0,0.0,0,-0.05150013605238385,77,4,0,0,4,1
ear-f-83,official,TBRPLUS_N20000,10,8.5,10.0,8.25,11.0,282.5,0.0,0.0,0,-0.0464245658459564,77,4,0,0,4,1
ear-f-83,tight,ONE_BLOCKER,10,8.8,9.5,8.0,11.0,289.0,1.0,1.2,12,-0.0483861351200943,70,6,0,12,2,1
ear-f-83,tight,RECOMPUTE,10,9.0,278.0,210.75,452.75,8868.5,1.0,1.2,12,-0.07334106256502296,0,0,0,0,108,1
ear-f-83,tight,SINGLE,10,8.5,8.5,8.0,9.75,241.0,2.0,1.6,16,-0.05035794702584765,69,0,0,16,1,1
ear-f-83,tight,TBR,10,8.8,9.5,8.0,11.0,289.0,1.0,1.2,12,-0.0483861351200943,70,6,0,12,2,1
ear-f-83,tight,TBRPLUS,10,8.7,11.0,10.0,12.5,430.0,0.5,0.5,5,-0.0439947100274092,67,7,0,5,4,1
ear-f-83,tight,TBRPLUS_N20000,10,8.7,12.0,11.0,13.75,450.5,0.0,0.4,4,-0.04533553089114385,66,7,0,4,5,1
hec-s-92,official,ONE_BLOCKER,10,2.7,2.5,2.0,4.5,215.5,0.5,0.5,5,-0.015143137258481,18,4,0,5,2,1
hec-s-92,official,RECOMPUTE,10,2.6,18.5,9.25,26.75,854.0,0.0,0.3,3,-0.01338918980961705,0,0,0,0,27,1
hec-s-92,official,SINGLE,10,2.7,2.0,2.0,3.75,193.5,1.0,0.8,8,-0.020276906537423048,19,0,0,8,1,1
hec-s-92,official,TBR,10,2.7,3.0,2.0,4.75,215.5,0.0,0.4,4,-0.015143137258481,18,4,1,4,3,1
hec-s-92,official,TBRPLUS,10,2.6,3.5,2.25,5.0,269.0,0.0,0.1,1,-0.0259254570169571,16,5,1,1,4,1
hec-s-92,official,TBRPLUS_N20000,10,2.7,4.5,3.0,5.0,269.0,0.0,0.0,0,-0.0259254570169571,16,6,1,0,4,1
hec-s-92,tight,ONE_BLOCKER,10,2.7,2.5,2.0,4.5,215.5,0.5,0.5,5,-0.015143137258481,18,4,0,5,2,1
hec-s-92,tight,RECOMPUTE,10,2.6,18.5,9.25,26.75,854.0,0.0,0.3,3,-0.01338918980961705,0,0,0,0,27,1
hec-s-92,tight,SINGLE,10,2.7,2.0,2.0,3.75,193.5,1.0,0.8,8,-0.020276906537423048,19,0,0,8,1,1
hec-s-92,tight,TBR,10,2.7,3.0,2.0,4.75,215.5,0.0,0.4,4,-0.015143137258481,18,4,1,4,3,1
hec-s-92,tight,TBRPLUS,10,2.6,3.5,2.25,5.0,269.0,0.0,0.1,1,-0.0259254570169571,16,5,1,1,4,1
hec-s-92,tight,TBRPLUS_N20000,10,2.7,4.5,3.0,5.0,269.0,0.0,0.0,0,-0.0259254570169571,16,6,1,0,4,1
kfu-s-93,official,ONE_BLOCKER,10,6.2,6.5,5.0,7.75,90.0,0.0,0.0,0,-0.0060989717346252,62,0,0,0,1,1
kfu-s-93,official,RECOMPUTE,10,5.9,85.0,39.5,108.0,1875.5,0.0,0.0,0,-0.00020834573808678106,0,0,0,0,79,1
kfu-s-93,official,SINGLE,10,6.2,6.5,5.0,7.75,90.0,0.0,0.0,0,-0.0060989717346252,62,0,0,0,1,1
kfu-s-93,official,TBR,10,6.2,6.5,5.0,7.75,90.0,0.0,0.0,0,-0.0060989717346252,62,0,0,0,1,1
kfu-s-93,official,TBRPLUS,10,6.2,6.5,5.0,7.75,90.0,0.0,0.0,0,-0.0060989717346252,62,0,0,0,1,1
kfu-s-93,official,TBRPLUS_N20000,10,6.2,6.5,5.0,7.75,90.0,0.0,0.0,0,-0.0060989717346252,62,0,0,0,1,1
kfu-s-93,tight,ONE_BLOCKER,10,6.2,6.5,5.0,7.75,90.0,0.0,0.3,3,-0.00569907680481495,58,1,0,3,2,1
kfu-s-93,tight,RECOMPUTE,10,5.9,85.0,39.5,108.0,1875.5,0.0,0.2,2,-0.00020834573808678106,0,0,0,0,79,1
kfu-s-93,tight,SINGLE,10,6.2,6.5,5.0,7.75,90.0,0.0,0.3,3,-0.00569907680481495,59,0,0,3,1,1
kfu-s-93,tight,TBR,10,6.2,6.5,5.0,7.75,90.0,0.0,0.3,3,-0.00569907680481495,58,1,0,3,2,1
kfu-s-93,tight,TBRPLUS,10,6.2,6.5,5.0,7.75,90.0,0.0,0.2,2,-0.00569907680481495,58,1,0,2,3,1
kfu-s-93,tight,TBRPLUS_N20000,10,6.2,6.5,5.0,7.75,90.0,0.0,0.2,2,-0.00569907680481495,58,1,0,2,3,1
lse-f-91,official,ONE_BLOCKER,10,10.1,10.5,7.5,12.0,256.5,0.0,0.1,1,-0.040558253787673845,99,1,0,1,2,1
lse-f-91,official,RECOMPUTE,10,11.5,509.5,364.25,570.25,10892.0,1.0,0.7,7,-0.01495077063847855,0,0,0,0,219,1
lse-f-91,official,SINGLE,10,10.1,10.0,7.5,12.0,256.5,0.0,0.2,2,-0.041566559184694304,99,0,0,2,1,1
lse-f-91,official,TBR,10,10.1,10.5,7.5,12.0,256.5,0.0,0.1,1,-0.040558253787673845,99,1,0,1,2,1
lse-f-91,official,TBRPLUS,10,10.1,11.0,7.5,12.75,256.5,0.0,0.0,0,-0.040558253787673845,98,2,0,0,3,1
lse-f-91,official,TBRPLUS_N20000,10,10.1,11.0,7.5,12.75,256.5,0.0,0.0,0,-0.040558253787673845,98,2,0,0,3,1
lse-f-91,tight,ONE_BLOCKER,10,10.1,11.0,7.5,12.0,268.0,0.0,0.4,4,-0.0363778934517682,95,2,0,4,2,1
lse-f-91,tight,RECOMPUTE,10,11.5,509.5,364.25,570.25,10892.0,1.5,1.2,12,-0.01495077063847855,0,0,0,0,219,1
lse-f-91,tight,SINGLE,10,10.1,10.0,7.5,12.0,268.0,0.0,0.5,5,-0.0400248614880952,96,0,0,5,1,1
lse-f-91,tight,TBR,10,10.1,11.0,7.5,12.0,268.0,0.0,0.4,4,-0.0363778934517682,95,2,0,4,2,1
lse-f-91,tight,TBRPLUS,10,10.1,12.5,8.25,13.75,294.0,0.0,0.0,0,-0.0363778934517682,93,3,0,0,4,1
lse-f-91,tight,TBRPLUS_N20000,10,10.1,12.5,8.25,13.75,294.0,0.0,0.0,0,-0.0363778934517682,93,3,0,0,4,1
pur-s-93,official,ONE_BLOCKER,10,11.5,11.0,10.0,13.25,437.5,0.0,0.0,0,-0.00797181963606245,115,0,0,0,1,1
pur-s-93,official,RECOMPUTE,10,11.2,3634.5,2273.5,3929.25,93226.0,0.0,0.0,0,-0.0039976165097777,0,0,0,0,1741,1
pur-s-93,official,SINGLE,10,11.5,11.0,10.0,13.25,437.5,0.0,0.0,0,-0.00797181963606245,115,0,0,0,1,1
pur-s-93,official,TBR,10,11.5,11.0,10.0,13.25,437.5,0.0,0.0,0,-0.00797181963606245,115,0,0,0,1,1
pur-s-93,official,TBRPLUS,10,11.5,11.0,10.0,13.25,437.5,0.0,0.0,0,-0.00797181963606245,115,0,0,0,1,1
pur-s-93,official,TBRPLUS_N20000,10,11.5,11.0,10.0,13.25,437.5,0.0,0.0,0,-0.00797181963606245,115,0,0,0,1,1
pur-s-93,tight,ONE_BLOCKER,10,11.5,11.0,10.0,14.0,445.0,0.0,0.2,2,-0.0065725842304142496,112,1,0,2,2,1
pur-s-93,tight,RECOMPUTE,10,11.2,3634.5,2273.5,3929.25,93226.0,0.0,0.3,3,-0.0039976165097777,0,0,0,0,1741,1
pur-s-93,tight,SINGLE,10,11.5,11.0,10.0,13.25,445.0,0.0,0.2,2,-0.0065660258632192,113,0,0,2,1,1
pur-s-93,tight,TBR,10,11.5,11.0,10.0,14.0,445.0,0.0,0.2,2,-0.0065725842304142496,112,1,0,2,2,1
pur-s-93,tight,TBRPLUS,10,11.5,11.0,10.0,14.0,445.0,0.0,0.2,2,-0.0065725842304142496,112,1,0,2,2,1
pur-s-93,tight,TBRPLUS_N20000,10,11.5,11.0,10.0,14.0,445.0,0.0,0.1,1,-0.0065725842304142496,112,1,0,1,5,1
rye-s-93,official,ONE_BLOCKER,10,4.3,4.5,3.25,5.0,222.0,0.0,0.0,0,-0.0101635070185636,43,0,0,0,1,1
rye-s-93,official,RECOMPUTE,10,4.6,179.0,99.5,310.75,11844.0,0.0,0.0,0,0.01472087064774925,0,0,0,0,249,1
rye-s-93,official,SINGLE,10,4.3,4.5,3.25,5.0,222.0,0.0,0.0,0,-0.0101635070185636,43,0,0,0,1,1
rye-s-93,official,TBR,10,4.3,4.5,3.25,5.0,222.0,0.0,0.0,0,-0.0101635070185636,43,0,0,0,1,1
rye-s-93,official,TBRPLUS,10,4.3,4.5,3.25,5.0,222.0,0.0,0.0,0,-0.0101635070185636,43,0,0,0,1,1
rye-s-93,official,TBRPLUS_N20000,10,4.3,4.5,3.25,5.0,222.0,0.0,0.0,0,-0.0101635070185636,43,0,0,0,1,1
rye-s-93,tight,ONE_BLOCKER,10,4.3,4.5,3.25,5.75,229.5,0.0,0.1,1,-0.01052024856505535,40,2,0,1,2,1
rye-s-93,tight,RECOMPUTE,10,4.6,179.0,99.5,310.75,11844.0,0.0,0.1,1,0.01472087064774925,0,0,0,0,249,1
rye-s-93,tight,SINGLE,10,4.3,4.5,3.25,5.0,229.5,0.0,0.3,3,-0.01052024856505535,40,0,0,3,1,1
rye-s-93,tight,TBR,10,4.3,4.5,3.25,5.75,229.5,0.0,0.1,1,-0.01052024856505535,40,2,0,1,2,1
rye-s-93,tight,TBRPLUS,10,4.3,4.5,3.25,5.75,229.5,0.0,0.1,1,-0.01052024856505535,40,2,0,1,2,1
rye-s-93,tight,TBRPLUS_N20000,10,4.3,4.5,3.25,5.75,229.5,0.0,0.1,1,-0.01052024856505535,40,2,0,1,2,1
sta-f-83,official,ONE_BLOCKER,10,1.2,1.0,0.25,2.0,8.5,0.0,0.0,0,-0.0006029085630479999,12,0,0,0,1,1
sta-f-83,official,RECOMPUTE,10,1.2,16.0,0.25,37.0,600.0,0.0,0.0,0,-0.0015239475270865056,0,0,0,0,42,1
sta-f-83,official,SINGLE,10,1.2,1.0,0.25,2.0,8.5,0.0,0.0,0,-0.0006029085630479999,12,0,0,0,1,1
sta-f-83,official,TBR,10,1.2,1.0,0.25,2.0,8.5,0.0,0.0,0,-0.0006029085630479999,12,0,0,0,1,1
sta-f-83,official,TBRPLUS,10,1.2,1.0,0.25,2.0,8.5,0.0,0.0,0,-0.0006029085630479999,12,0,0,0,1,1
sta-f-83,official,TBRPLUS_N20000,10,1.2,1.0,0.25,2.0,8.5,0.0,0.0,0,-0.0006029085630479999,12,0,0,0,1,1
sta-f-83,tight,ONE_BLOCKER,10,1.2,1.0,0.25,2.0,8.5,0.0,0.3,3,-0.00054944311064115,9,0,0,3,1,1
sta-f-83,tight,RECOMPUTE,10,1.2,16.0,0.25,37.0,600.0,0.0,0.3,3,-0.0015239475270865056,0,0,0,0,42,1
sta-f-83,tight,SINGLE,10,1.2,1.0,0.25,2.0,8.5,0.0,0.3,3,-0.00054944311064115,9,0,0,3,1,1
sta-f-83,tight,TBR,10,1.2,1.0,0.25,2.0,8.5,0.0,0.3,3,-0.00054944311064115,9,0,0,3,1,1
sta-f-83,tight,TBRPLUS,10,1.2,1.0,0.25,2.0,8.5,0.0,0.3,3,-0.00054944311064115,9,0,0,3,1,1
sta-f-83,tight,TBRPLUS_N20000,10,1.2,1.0,0.25,2.0,8.5,0.0,0.3,3,-0.00054944311064115,9,0,0,3,1,1
tre-s-92,official,ONE_BLOCKER,10,8.3,8.5,6.25,10.0,416.5,0.0,0.1,1,-0.042223988117521455,79,3,0,1,2,1
tre-s-92,official,RECOMPUTE,10,10.5,720.5,665.25,764.5,30803.5,0.0,0.2,2,-0.059001488602061405,0,0,0,0,172,1
tre-s-92,official,SINGLE,10,8.3,8.0,6.25,10.0,387.0,0.0,0.4,4,-0.04310739324273135,79,0,0,4,1,1
tre-s-92,official,TBR,10,8.3,8.5,6.25,10.0,416.5,0.0,0.1,1,-0.042223988117521455,79,3,0,1,2,1
tre-s-92,official,TBRPLUS,10,8.3,8.5,6.25,10.0,416.5,0.0,0.1,1,-0.042223988117521455,79,3,0,1,2,1
tre-s-92,official,TBRPLUS_N20000,10,8.3,8.5,6.25,11.5,496.5,0.0,0.0,0,-0.046886643703162006,79,3,0,0,5,1
tre-s-92,tight,ONE_BLOCKER,10,8.3,9.0,7.25,10.75,490.5,0.0,0.4,4,-0.042223988117521455,71,8,0,4,2,1
tre-s-92,tight,RECOMPUTE,10,10.5,720.5,665.25,764.5,30803.5,1.0,0.8,8,-0.059001488602061405,0,0,0,0,172,1
tre-s-92,tight,SINGLE,10,8.3,8.0,6.25,10.0,387.0,1.0,0.8,8,-0.04298008697273385,75,0,0,8,1,1
tre-s-92,tight,TBR,10,8.3,9.5,7.25,11.0,496.5,0.0,0.3,3,-0.042223988117521455,71,8,1,3,3,1
tre-s-92,tight,TBRPLUS,10,8.3,9.5,7.25,11.75,496.5,0.0,0.2,2,-0.042223988117521455,70,9,1,2,3,1
tre-s-92,tight,TBRPLUS_N20000,10,8.3,10.0,7.25,12.75,549.5,0.0,0.1,1,-0.0453790089815174,70,9,1,1,5,1
uta-s-92,official,ONE_BLOCKER,10,7.1,7.0,6.0,8.0,512.5,0.0,0.0,0,-0.0145004392922468,71,0,0,0,1,1
uta-s-92,official,RECOMPUTE,10,7.6,698.5,327.5,1158.25,35703.5,0.0,0.0,0,0.0007405711413528485,0,0,0,0,411,1
uta-s-92,official,SINGLE,10,7.1,7.0,6.0,8.0,512.5,0.0,0.0,0,-0.0145004392922468,71,0,0,0,1,1
uta-s-92,official,TBR,10,7.1,7.0,6.0,8.0,512.5,0.0,0.0,0,-0.0145004392922468,71,0,0,0,1,1
uta-s-92,official,TBRPLUS,10,7.1,7.0,6.0,8.0,512.5,0.0,0.0,0,-0.0145004392922468,71,0,0,0,1,1
uta-s-92,official,TBRPLUS_N20000,10,7.1,7.0,6.0,8.0,512.5,0.0,0.0,0,-0.0145004392922468,71,0,0,0,1,1
uta-s-92,tight,ONE_BLOCKER,10,7.1,7.0,6.0,8.0,512.5,1.0,0.7,7,-0.01031180568704675,63,1,0,7,2,1
uta-s-92,tight,RECOMPUTE,10,7.6,698.5,327.5,1158.25,35703.5,0.0,0.1,1,0.0007405711413528485,0,0,0,0,411,1
uta-s-92,tight,SINGLE,10,7.1,7.0,6.0,8.0,512.5,1.0,0.8,8,-0.01031180568704675,63,0,0,8,1,1
uta-s-92,tight,TBR,10,7.1,7.0,6.0,8.0,512.5,1.0,0.7,7,-0.01031180568704675,63,1,0,7,2,1
uta-s-92,tight,TBRPLUS,10,7.1,7.5,6.0,9.75,512.5,0.0,0.4,4,-0.01031180568704675,63,1,0,4,3,1
uta-s-92,tight,TBRPLUS_N20000,10,7.1,9.5,6.0,10.75,636.5,0.0,0.2,2,-0.01005759641227975,63,1,0,2,5,1
ute-s-92,official,ONE_BLOCKER,10,3.3,3.0,3.0,4.0,117.5,0.0,0.1,1,-0.023105147729685048,31,1,0,1,2,1
ute-s-92,official,RECOMPUTE,10,3.5,31.5,14.75,134.5,1784.5,0.0,0.2,2,-0.0054129039101757995,0,0,0,0,85,1
ute-s-92,official,SINGLE,10,3.3,3.0,3.0,3.75,117.5,0.0,0.2,2,-0.02421168320483515,31,0,0,2,1,1
ute-s-92,official,TBR,10,3.3,3.0,3.0,4.0,117.5,0.0,0.1,1,-0.023105147729685048,31,1,0,1,2,1
ute-s-92,official,TBRPLUS,10,3.2,3.0,3.0,4.75,117.5,0.0,0.0,0,-0.0222694479731467,30,1,0,0,3,1
ute-s-92,official,TBRPLUS_N20000,10,3.2,3.0,3.0,4.75,117.5,0.0,0.0,0,-0.0222694479731467,30,1,0,0,3,1
ute-s-92,tight,ONE_BLOCKER,10,3.3,3.0,3.0,4.0,117.5,0.0,0.2,2,-0.023105147729685048,30,1,0,2,2,1
ute-s-92,tight,RECOMPUTE,10,3.5,31.5,14.75,134.5,1784.5,0.0,0.3,3,-0.0054129039101757995,0,0,0,0,85,1
ute-s-92,tight,SINGLE,10,3.3,3.0,3.0,3.75,117.5,0.0,0.3,3,-0.02421168320483515,30,0,0,3,1,1
ute-s-92,tight,TBR,10,3.3,3.0,3.0,4.0,117.5,0.0,0.2,2,-0.023105147729685048,30,1,0,2,2,1
ute-s-92,tight,TBRPLUS,10,3.2,3.0,3.0,4.75,117.5,0.0,0.1,1,-0.0222694479731467,29,1,0,1,3,1
ute-s-92,tight,TBRPLUS_N20000,10,3.2,3.0,3.0,4.75,117.5,0.0,0.1,1,-0.0222694479731467,29,1,0,1,3,1
yor-f-83,official,ONE_BLOCKER,10,11.2,12.5,10.25,15.5,281.5,1.0,0.6,6,-0.0674872430194076,94,12,0,6,2,1
yor-f-83,official,RECOMPUTE,10,9.6,595.5,522.75,769.5,16970.5,0.5,0.5,5,-0.1216621117764181,0,0,0,0,126,1
yor-f-83,official,SINGLE,10,11.2,11.0,10.25,12.75,239.5,1.0,1.3,13,-0.0670657648962007,99,0,0,13,1,1
yor-f-83,official,TBR,10,11.2,13.0,10.5,15.5,286.5,0.0,0.4,4,-0.06595537242200045,93,13,2,4,3,1
yor-f-83,official,TBRPLUS,10,11.3,15.5,10.75,19.0,324.5,0.0,0.0,0,-0.06531688645225775,90,16,0,0,5,1
yor-f-83,official,TBRPLUS_N20000,10,11.3,15.5,10.75,19.0,324.5,0.0,0.0,0,-0.06531688645225775,90,16,0,0,5,1
yor-f-83,tight,ONE_BLOCKER,10,11.4,12.0,11.0,15.75,274.0,1.0,1.2,12,-0.0633568145144498,91,11,0,12,2,1
yor-f-83,tight,RECOMPUTE,10,9.6,595.5,522.75,769.5,16970.5,1.5,1.3,13,-0.1216621117764181,0,0,0,0,126,1
yor-f-83,tight,SINGLE,10,11.3,11.0,11.0,12.75,254.0,2.0,1.9,19,-0.0670657648962007,94,0,0,19,1,1
yor-f-83,tight,TBR,10,11.4,14.0,11.25,16.0,319.0,1.0,1.1,11,-0.0633568145144498,91,10,2,11,6,1
yor-f-83,tight,TBRPLUS,10,11.4,16.5,13.0,20.75,366.5,0.0,0.5,5,-0.06199145674509395,82,14,1,5,6,1
yor-f-83,tight,TBRPLUS_N20000,10,11.4,18.5,13.25,21.0,505.0,0.0,0.3,3,-0.06841658225330541,79,16,0,3,8,1
