n,method,m,max_degree,k0,clash,D,added,wall_s
500,RECOMPUTE,15541.0,493.3333333333333,34.333333333333336,17.666666666666668,342.0,0.3333333333333333,0.35333333333333333
500,TBRPLUS,15541.0,493.3333333333333,34.333333333333336,18.666666666666668,20.0,0.3333333333333333,0.11
1000,RECOMPUTE,34140.666666666664,986.0,41.666666666666664,17.333333333333332,560.0,0.0,0.8533333333333334
1000,TBRPLUS,34140.666666666664,986.0,41.666666666666664,17.666666666666668,18.333333333333332,0.6666666666666666,0.11333333333333333
2000,RECOMPUTE,72693.66666666667,1944.6666666666667,52.0,16.666666666666668,846.0,0.3333333333333333,2.1466666666666665
2000,TBRPLUS,72693.66666666667,1944.6666666666667,52.0,15.666666666666666,16.333333333333332,0.3333333333333333,0.14333333333333334
4000,RECOMPUTE,152766.33333333334,3842.6666666666665,64.33333333333333,19.333333333333332,604.6666666666666,0.0,6.743333333333333
4000,TBRPLUS,152766.33333333334,3842.6666666666665,64.33333333333333,19.333333333333332,19.333333333333332,0.3333333333333333,0.21666666666666667
8000,RECOMPUTE,317582.6666666667,7563.333333333333,81.0,18.0,844.6666666666666,0.0,16.796666666666667
8000,TBRPLUS,317582.6666666667,7563.333333333333,81.0,18.0,18.333333333333332,0.0,0.30666666666666664
