instance,dsatur,first_fit,rlf,smallest_last,welsh_powell,n,m,density,official_periods,clique_lb,nx_dsatur
car-f-92,29,44,31,34,32,543,20305,0.138,32,23,30
car-s-91,31,48,32,35,34,682,29814,0.1284,35,23,31
ear-f-83,24,29,23,26,26,190,4793,0.2669,24,21,23
hec-s-92,19,22,20,18,20,81,1363,0.4207,18,17,19
kfu-s-93,19,25,20,19,20,461,5893,0.0556,20,18,19
lse-f-91,19,22,18,20,19,381,4531,0.0626,18,17,19
pur-s-93,34,54,36,38,38,2419,86261,0.0295,42,29,35
rye-s-93,22,28,24,23,25,486,8872,0.0753,23,21,22
sta-f-83,13,13,13,13,13,139,1381,0.144,13,13,13
tre-s-92,23,29,21,22,23,261,6131,0.1807,23,19,23
uta-s-92,31,43,33,33,36,622,24249,0.1256,35,26,31
ute-s-92,10,13,10,10,11,184,1430,0.0849,10,10,10
yor-f-83,21,27,21,22,23,181,4706,0.2889,21,18,20
